month,client,total_revenue
Jan,A Spice Affair,6000.0
Jan,Nexgen,12330.220000000001
Jan,Re-Lieved,6982.86
Jan,Frankie Rose Cosmetics,6018.96
Jan,New Option Sports,7000.0
Jan,Animal Ortho Care,4000.0
Jan,SnapPad,29632.388
Jan,Paddletek,13269.14
Jan,Pepper Bras,30907.92
Jan,BioSwiss,2000.0
Jan,Braxley Bands,3000.0
Jan,Piper Finn,6000.0
Jan,Mountain Hound,3000.0
Jan,G1 Nutrition,3000.0
Jan,Arro Athletics,5000.0
Jan,BeltBro,6000.0
Jan,The Uzzle,8000.0
Jan,Lo & Sons,4000.0
Jan,Bamboo Little,8217.22
Jan,Ohm Store,5000.0
Jan,Southwest Archery,6000.0
Jan,A Spice Affair,6000.0
Jan,Foley Dog Treat Company,3000.0
Jan,HAVN Life,2000.0
Jan,Nexgen,10129.720000000001
Jan,Re-Lieved,5289.4
Jan,Frankie Rose Cosmetics,6039.1
Jan,New Option Sports,7000.0
Jan,Animal Ortho Care,4000.0
Jan,SnapPad,25687.68
Jan,Paddletek,13982.7
Jan,Pepper Bras,21039.82
Jan,SugarLash Pro,4000.0
Jan,BioSwiss,2000.0
Jan,Tactica Gear,4000.0
Jan,Braxley Bands,3000.0
Jan,Kings Loot,12631.4
Jan,Piper Finn,6000.0
Jan,Mountain Hound,3000.0
Jan,G1 Nutrition,3000.0
Jan,BlackGirl Vitamins,3000.0
Jan,Arro Athletics,5000.0
Jan,BeltBro,6000.0
Jan,The Uzzle,8000.0
Jan,Lo & Sons,8000.0
Jan,Bamboo Little,8000.0
Jan,Ohm Store,5000.0
Jan,A Spice Affair,6000.0
Jan,Foley Dog Treat Company,3000.0
Jan,HAVN Life,2000.0
Jan,Nexgen,6995.360000000001
Jan,Re-Lieved,5962.88
Jan,Frankie Rose Cosmetics,5745.36
Jan,New Option Sports,7000.0
Jan,Animal Ortho Care,4000.0
Jan,SnapPad,14467.560000000001
Jan,Paddletek,14339.060000000001
Jan,Pepper Bras,15861.5
Jan,SugarLash Pro,4000.0
Jan,BioSwiss,2000.0
Jan,Tactica Gear,4000.0
Jan,Braxley Bands,3000.0
Jan,Kings Loot,15346.96
Jan,Piper Finn,6000.0
Jan,Mountain Hound,3000.0
Jan,G1 Nutrition,3000.0
Jan,BlackGirl Vitamins,3000.0
Jan,Arro Athletics,5000.0
Jan,BeltBro,6000.0
Jan,The Uzzle,8000.0
Jan,Lo & Sons,8000.0
Jan,Bamboo Little,8000.0
Jan,New Miuz,3232.5
Jan,New Miuz,2730.4
Jan,Ohm Store,5000.0
Jan,Foley Dog Treat Company,3000.0
Jan,HAVN Life,2000.0
Jan,Nexgen,4000.0
Jan,Re-Lieved,4008.66
Jan,Frankie Rose Cosmetics,5649.0
Jan,New Option Sports,7000.0
Jan,Animal Ortho Care,4000.0
Jan,SnapPad,8000.0
Jan,Paddletek,18316.66
Jan,Pepper Bras,14714.68
Jan,SugarLash Pro,4000.0
Jan,BioSwiss,2000.0
Jan,Tactica Gear,4000.0
Jan,Braxley Bands,3000.0
Jan,Kings Loot,12000.0
Jan,Piper Finn,6000.0
Jan,Mountain Hound,3000.0
Jan,G1 Nutrition,3000.0
Jan,BlackGirl Vitamins,3000.0
Jan,Arro Athletics,5000.0
Jan,BeltBro,3000.0
Jan,The Uzzle,4000.0
Jan,A Spice Affair,6000.0
Jan,Foley Dog Treat Company,3000.0
Jan,HAVN Life,2000.0
Jan,Nexgen,5265.7
Jan,Re-Lieved,4531.42
Jan,California Baby,8429.28
Jan,Frankie Rose Cosmetics,5233.04
Jan,New Option Sports,7000.0
Jan,Animal Ortho Care,4000.0
Jan,SnapPad,8000.0
Jan,Paddletek,33442.240000000005
Jan,Pepper Bras,15270.84
Jan,SugarLash Pro,2000.0
Jan,BioSwiss,2000.0
Jan,Braxley Bands,3000.0
Jan,Kings Loot,12000.0
Jan,Piper Finn,6000.0
Jan,Mountain Hound,3000.0
Jan,G1 Nutrition,3000.0
Jan,Black Girl Vitamins,5000.0
Jan,A Spice Affair,6000.0
Jan,Foley Dog Treat Company,3000.0
Jan,HAVN Life,2000.0
Jan,Nexgen,4485.36
Jan,Re-Lieved,4408.18
Jan,California Baby,9845.62
Jan,Frankie Rose Cosmetics,5388.5
Jan,New Option Sports,7000.0
Jan,Animal Ortho Care,4000.0
Jan,SnapPad,13945.2
Jan,Paddletek,21799.760000000002
Jan,Pepper Bras,17266.2
Jan,SugarLash Pro,4000.0
Jan,BioSwiss,2000.0
Jan,Braxley Bands,3000.0
Jan,Kings Loot,12000.0
Jan,Piper Finn,6000.0
Jan,Mountain Hound,3000.0
Jan,G1 Nutrition,3000.0
Jan,A Spice Affair,6000.0
Jan,Foley Dog Treat Company,3000.0
Jan,HAVN Life,2000.0
Jan,Nexgen,6400.18
Jan,Re-Lieved,4583.9
Jan,California Baby,8304.7
Jan,Frankie Rose Cosmetics,5285.1
Jan,New Option Sports,7000.0
Jan,Animal Ortho Care,4000.0
Jan,SnapPad,15719.16
Jan,Paddletek,18847.78
Jan,Pepper Bras,13560.14
Jan,SugarLash Pro,4000.0
Jan,BioSwiss,2000.0
Jan,Tactica Gear,4000.0
Jan,NextComm,4000.0
Jan,Braxley Bands,3000.0
Jan,Christian Planner,5000.0
Jan,Kings Loot,12000.0
Jan,Piper Finn,3000.0
Jan,Mountain Hound,1500.0
Jan,G1 Nutrition,1500.0
Jan,A Spice Affair,6000.0
Jan,Foley Dog Treat Company,3000.0
Jan,HAVN Life,2000.0
Jan,Sperri,2000.0
Jan,Nexgen,6361.38
Jan,Re-Lieved,4906.82
Jan,California Baby,8876.84
Jan,Frankie Rose Cosmetics,5523.28
Jan,New Option Sports,7000.0
Jan,Animal Ortho Care,4000.0
Jan,SnapPad,13794.08
Jan,Paddletek,17530.260000000002
Jan,Pepper Bras,16765.440000000002
Jan,SugarLash Pro,4000.0
Jan,BioSwiss,2000.0
Jan,Tactica Gear,4000.0
Jan,NextComm,4000.0
Jan,Braxley Bands,3000.0
Jan,Christian Planner,5000.0
Jan,A Spice Affair,6000.0
Jan,Foley Dog Treat Company,3000.0
Jan,HAVN Life,2000.0
Jan,Sperri,5594.42
Jan,Nexgen,9467.21
Jan,Re-Lieved,4508.82
Jan,California Baby,10430.24
Jan,Frankie Rose Cosmetics,5462.0
Jan,New Option Sports,7000.0
Jan,Animal Ortho Care,4000.0
Jan,SnapPad,17334.7
Jan,Paddletek,19873.68
Jan,Pepper Bras,13226.279999999999
Jan,SugarLash Pro,4000.0
Jan,BioSwiss,2000.0
Jan,Tactica Gear,4000.0
Jan,NextComm,4000.0
Jan,Braxley Bands,3000.0
Jan,A Spice Affair,6000.0
Jan,Foley Dog Treat Company,3000.0
Jan,HAVN Life,2000.0
Jan,Sperri,5630.42
Jan,Nexgen,11986.76
Jan,Re-Lieved,5301.74
Jan,California Baby,10129.5
Jan,Frankie Rose Cosmetics,5420.28
Jan,New Option Sports,9000.0
Jan,Animal Ortho Care,4000.0
Jan,SnapPad,19338.36
Jan,Paddletek,16116.060000000001
Jan,Pepper Bras,19408.64
Jan,SugarLash Pro,4000.0
Jan,Droplette,3000.0
Jan,BioSwiss,2000.0
Jan,A Spice Affair,6000.0
Jan,Foley Dog Treat Company,3000.0
Jan,HAVN Life,2000.0
Jan,Joseph Nutless Clusters,3000.0
Jan,Sperri,6113.5599999999995
Jan,Nexgen,14127.72
Jan,Re-Lieved,6169.48
Jan,California Baby,12324.3
Jan,Frankie Rose Cosmetics,6125.86
Jan,New Option Sports,7000.0
Jan,Animal Ortho Care,4000.0
Jan,SnapPad,14577.0
Jan,Paddletek,8000.0
Jan,Pepper Bras,10025.74
Jan,SugarLash Pro,4000.0
Jan,Droplette,6000.0
Jan,A Spice Affair,6000.0
Jan,Foley Dog Treat Company,3000.0
Jan,Joseph Nutless Clusters,3000.0
Jan,Sperri,6014.84
Jan,Nexgen,14941.68
Jan,Re-Lieved,6084.34
Jan,California Baby,14175.48
Jan,Frankie Rose Cosmetics,5939.34
Jan,New Option Sports,9000.0
Jan,SnapPad,11346.52
Jan,Paddletek,8000.0
Jan,Pepper Bras,8000.0
Jan,SugarLash Pro,4000.0
Jan,Droplette,6000.0
Jan,A Spice Affair,6000.0
Jan,Foley Dog Treat Company,3000.0
Jan,HAVN Life,2000.0
Jan,Joseph Nutless Clusters,3000.0
Jan,Sperri,5893.96
Jan,Nexgen,14265.12
Jan,Re-Lieved,5039.46
Jan,California Baby,8504.58
Jan,Frankie Rose Cosmetics,5746.36
Jan,New Option Sports,7000.0
Jan,Animal Ortho Care,4000.0
Jan,SnapPad,10270.48
Jan,Paddletek,8000.0
Jan,Pepper Bras,4000.0
Jan,A Spice Affair,6000.0
Jan,Foley Dog Treat Company,3000.0
Jan,HAVN Life,2000.0
Jan,Joseph Nutless Clusters,3000.0
Jan,Sperri,5356.4
Jan,Nexgen,8799.84
Jan,Re-Lieved,5972.9
Jan,California Baby,11094.84
Jan,BeautyMagnet,3000.0
Jan,Frankie Rose Cosmetics,6607.1
Jan,New Option Sports,7000.0
Jan,Animal Ortho Care,4000.0
Jan,SnapPad,8000.0
Jan,A Spice Affair,6000.0
Jan,Foley Dog Treat Company,3000.0
Jan,HAVN Life,1000.0
Jan,Joseph Nutless Clusters,3000.0
Jan,Sperri,5000.74
Jan,BeltBro,5000.0
Jan,Nexgen,6521.0
Jan,Re-Lieved,4168.08
Jan,California Baby,10539.8
Jan,Frankie Rose Cosmetics,5024.26
Jan,Animal Ortho Care,4000.0
Jan,BeautyMagnet,3000.0
Jan,A Spice Affair,6000.0
Jan,Foley Dog Treat Company,3000.0
Jan,HAVN Life,1000.0
Jan,Joseph Nutless Clusters,3000.0
Jan,Sperri,4340.12
Jan,Nexgen,4374.24
Jan,Re-Lieved,5327.9
Jan,California Baby,6751.98
Jan,Alchemy Pet,2500.0
Jan,Frankie Rose Cosmetics,5342.48
Jan,BeltBro,5000.0
Jan,Animal Ortho Care,4000.0
Feb,A Spice Affair,6000.0
Feb,Nexgen,12330.220000000001
Feb,Re-Lieved,6982.86
Feb,Frankie Rose Cosmetics,6018.96
Feb,New Option Sports,7000.0
Feb,Animal Ortho Care,4000.0
Feb,SnapPad,29632.388
Feb,Paddletek,13269.14
Feb,Pepper Bras,30907.92
Feb,BioSwiss,2000.0
Feb,Braxley Bands,3000.0
Feb,Piper Finn,6000.0
Feb,Mountain Hound,3000.0
Feb,G1 Nutrition,3000.0
Feb,Arro Athletics,5000.0
Feb,BeltBro,6000.0
Feb,The Uzzle,8000.0
Feb,Lo & Sons,4000.0
Feb,Bamboo Little,8217.22
Feb,Ohm Store,5000.0
Feb,Southwest Archery,6000.0
Feb,A Spice Affair,6000.0
Feb,Foley Dog Treat Company,3000.0
Feb,HAVN Life,2000.0
Feb,Nexgen,10129.720000000001
Feb,Re-Lieved,5289.4
Feb,Frankie Rose Cosmetics,6039.1
Feb,New Option Sports,7000.0
Feb,Animal Ortho Care,4000.0
Feb,SnapPad,25687.68
Feb,Paddletek,13982.7
Feb,Pepper Bras,21039.82
Feb,SugarLash Pro,4000.0
Feb,BioSwiss,2000.0
Feb,Tactica Gear,4000.0
Feb,Braxley Bands,3000.0
Feb,Kings Loot,12631.4
Feb,Piper Finn,6000.0
Feb,Mountain Hound,3000.0
Feb,G1 Nutrition,3000.0
Feb,BlackGirl Vitamins,3000.0
Feb,Arro Athletics,5000.0
Feb,BeltBro,6000.0
Feb,The Uzzle,8000.0
Feb,Lo & Sons,8000.0
Feb,Bamboo Little,8000.0
Feb,Ohm Store,5000.0
Feb,A Spice Affair,6000.0
Feb,Foley Dog Treat Company,3000.0
Feb,HAVN Life,2000.0
Feb,Nexgen,6995.360000000001
Feb,Re-Lieved,5962.88
Feb,Frankie Rose Cosmetics,5745.36
Feb,New Option Sports,7000.0
Feb,Animal Ortho Care,4000.0
Feb,SnapPad,14467.560000000001
Feb,Paddletek,14339.060000000001
Feb,Pepper Bras,15861.5
Feb,SugarLash Pro,4000.0
Feb,BioSwiss,2000.0
Feb,Tactica Gear,4000.0
Feb,Braxley Bands,3000.0
Feb,Kings Loot,15346.96
Feb,Piper Finn,6000.0
Feb,Mountain Hound,3000.0
Feb,G1 Nutrition,3000.0
Feb,BlackGirl Vitamins,3000.0
Feb,Arro Athletics,5000.0
Feb,BeltBro,6000.0
Feb,The Uzzle,8000.0
Feb,Lo & Sons,8000.0
Feb,Bamboo Little,8000.0
Feb,New Miuz,3232.5
Feb,New Miuz,2730.4
Feb,Ohm Store,5000.0
Feb,Foley Dog Treat Company,3000.0
Feb,HAVN Life,2000.0
Feb,Nexgen,4000.0
Feb,Re-Lieved,4008.66
Feb,Frankie Rose Cosmetics,5649.0
Feb,New Option Sports,7000.0
Feb,Animal Ortho Care,4000.0
Feb,SnapPad,8000.0
Feb,Paddletek,18316.66
Feb,Pepper Bras,14714.68
Feb,SugarLash Pro,4000.0
Feb,BioSwiss,2000.0
Feb,Tactica Gear,4000.0
Feb,Braxley Bands,3000.0
Feb,Kings Loot,12000.0
Feb,Piper Finn,6000.0
Feb,Mountain Hound,3000.0
Feb,G1 Nutrition,3000.0
Feb,BlackGirl Vitamins,3000.0
Feb,Arro Athletics,5000.0
Feb,BeltBro,3000.0
Feb,The Uzzle,4000.0
Feb,A Spice Affair,6000.0
Feb,Foley Dog Treat Company,3000.0
Feb,HAVN Life,2000.0
Feb,Nexgen,5265.7
Feb,Re-Lieved,4531.42
Feb,California Baby,8429.28
Feb,Frankie Rose Cosmetics,5233.04
Feb,New Option Sports,7000.0
Feb,Animal Ortho Care,4000.0
Feb,SnapPad,8000.0
Feb,Paddletek,33442.240000000005
Feb,Pepper Bras,15270.84
Feb,SugarLash Pro,2000.0
Feb,BioSwiss,2000.0
Feb,Braxley Bands,3000.0
Feb,Kings Loot,12000.0
Feb,Piper Finn,6000.0
Feb,Mountain Hound,3000.0
Feb,G1 Nutrition,3000.0
Feb,Black Girl Vitamins,5000.0
Feb,A Spice Affair,6000.0
Feb,Foley Dog Treat Company,3000.0
Feb,HAVN Life,2000.0
Feb,Nexgen,4485.36
Feb,Re-Lieved,4408.18
Feb,California Baby,9845.62
Feb,Frankie Rose Cosmetics,5388.5
Feb,New Option Sports,7000.0
Feb,Animal Ortho Care,4000.0
Feb,SnapPad,13945.2
Feb,Paddletek,21799.760000000002
Feb,Pepper Bras,17266.2
Feb,SugarLash Pro,4000.0
Feb,BioSwiss,2000.0
Feb,Braxley Bands,3000.0
Feb,Kings Loot,12000.0
Feb,Piper Finn,6000.0
Feb,Mountain Hound,3000.0
Feb,G1 Nutrition,3000.0
Feb,A Spice Affair,6000.0
Feb,Foley Dog Treat Company,3000.0
Feb,HAVN Life,2000.0
Feb,Nexgen,6400.18
Feb,Re-Lieved,4583.9
Feb,California Baby,8304.7
Feb,Frankie Rose Cosmetics,5285.1
Feb,New Option Sports,7000.0
Feb,Animal Ortho Care,4000.0
Feb,SnapPad,15719.16
Feb,Paddletek,18847.78
Feb,Pepper Bras,13560.14
Feb,SugarLash Pro,4000.0
Feb,BioSwiss,2000.0
Feb,Tactica Gear,4000.0
Feb,NextComm,4000.0
Feb,Braxley Bands,3000.0
Feb,Christian Planner,5000.0
Feb,Kings Loot,12000.0
Feb,Piper Finn,3000.0
Feb,Mountain Hound,1500.0
Feb,G1 Nutrition,1500.0
Feb,A Spice Affair,6000.0
Feb,Foley Dog Treat Company,3000.0
Feb,HAVN Life,2000.0
Feb,Sperri,2000.0
Feb,Nexgen,6361.38
Feb,Re-Lieved,4906.82
Feb,California Baby,8876.84
Feb,Frankie Rose Cosmetics,5523.28
Feb,New Option Sports,7000.0
Feb,Animal Ortho Care,4000.0
Feb,SnapPad,13794.08
Feb,Paddletek,17530.260000000002
Feb,Pepper Bras,16765.440000000002
Feb,SugarLash Pro,4000.0
Feb,BioSwiss,2000.0
Feb,Tactica Gear,4000.0
Feb,NextComm,4000.0
Feb,Braxley Bands,3000.0
Feb,Christian Planner,5000.0
Feb,A Spice Affair,6000.0
Feb,Foley Dog Treat Company,3000.0
Feb,HAVN Life,2000.0
Feb,Sperri,5594.42
Feb,Nexgen,9467.21
Feb,Re-Lieved,4508.82
Feb,California Baby,10430.24
Feb,Frankie Rose Cosmetics,5462.0
Feb,New Option Sports,7000.0
Feb,Animal Ortho Care,4000.0
Feb,SnapPad,17334.7
Feb,Paddletek,19873.68
Feb,Pepper Bras,13226.279999999999
Feb,SugarLash Pro,4000.0
Feb,BioSwiss,2000.0
Feb,Tactica Gear,4000.0
Feb,NextComm,4000.0
Feb,Braxley Bands,3000.0
Feb,A Spice Affair,6000.0
Feb,Foley Dog Treat Company,3000.0
Feb,HAVN Life,2000.0
Feb,Sperri,5630.42
Feb,Nexgen,11986.76
Feb,Re-Lieved,5301.74
Feb,California Baby,10129.5
Feb,Frankie Rose Cosmetics,5420.28
Feb,New Option Sports,9000.0
Feb,Animal Ortho Care,4000.0
Feb,SnapPad,19338.36
Feb,Paddletek,16116.060000000001
Feb,Pepper Bras,19408.64
Feb,SugarLash Pro,4000.0
Feb,Droplette,3000.0
Feb,BioSwiss,2000.0
Feb,A Spice Affair,6000.0
Feb,Foley Dog Treat Company,3000.0
Feb,HAVN Life,2000.0
Feb,Joseph Nutless Clusters,3000.0
Feb,Sperri,6113.5599999999995
Feb,Nexgen,14127.72
Feb,Re-Lieved,6169.48
Feb,California Baby,12324.3
Feb,Frankie Rose Cosmetics,6125.86
Feb,New Option Sports,7000.0
Feb,Animal Ortho Care,4000.0
Feb,SnapPad,14577.0
Feb,Paddletek,8000.0
Feb,Pepper Bras,10025.74
Feb,SugarLash Pro,4000.0
Feb,Droplette,6000.0
Feb,A Spice Affair,6000.0
Feb,Foley Dog Treat Company,3000.0
Feb,Joseph Nutless Clusters,3000.0
Feb,Sperri,6014.84
Feb,Nexgen,14941.68
Feb,Re-Lieved,6084.34
Feb,California Baby,14175.48
Feb,Frankie Rose Cosmetics,5939.34
Feb,New Option Sports,9000.0
Feb,SnapPad,11346.52
Feb,Paddletek,8000.0
Feb,Pepper Bras,8000.0
Feb,SugarLash Pro,4000.0
Feb,Droplette,6000.0
Feb,A Spice Affair,6000.0
Feb,Foley Dog Treat Company,3000.0
Feb,HAVN Life,2000.0
Feb,Joseph Nutless Clusters,3000.0
Feb,Sperri,5893.96
Feb,Nexgen,14265.12
Feb,Re-Lieved,5039.46
Feb,California Baby,8504.58
Feb,Frankie Rose Cosmetics,5746.36
Feb,New Option Sports,7000.0
Feb,Animal Ortho Care,4000.0
Feb,SnapPad,10270.48
Feb,Paddletek,8000.0
Feb,Pepper Bras,4000.0
Feb,A Spice Affair,6000.0
Feb,Foley Dog Treat Company,3000.0
Feb,HAVN Life,2000.0
Feb,Joseph Nutless Clusters,3000.0
Feb,Sperri,5356.4
Feb,Nexgen,8799.84
Feb,Re-Lieved,5972.9
Feb,California Baby,11094.84
Feb,BeautyMagnet,3000.0
Feb,Frankie Rose Cosmetics,6607.1
Feb,New Option Sports,7000.0
Feb,Animal Ortho Care,4000.0
Feb,SnapPad,8000.0
Feb,A Spice Affair,6000.0
Feb,Foley Dog Treat Company,3000.0
Feb,HAVN Life,1000.0
Feb,Joseph Nutless Clusters,3000.0
Feb,Sperri,5000.74
Feb,BeltBro,5000.0
Feb,Nexgen,6521.0
Feb,Re-Lieved,4168.08
Feb,California Baby,10539.8
Feb,Frankie Rose Cosmetics,5024.26
Feb,Animal Ortho Care,4000.0
Feb,BeautyMagnet,3000.0
Feb,A Spice Affair,6000.0
Feb,Foley Dog Treat Company,3000.0
Feb,HAVN Life,1000.0
Feb,Joseph Nutless Clusters,3000.0
Feb,Sperri,4340.12
Feb,Nexgen,4374.24
Feb,Re-Lieved,5327.9
Feb,California Baby,6751.98
Feb,Alchemy Pet,2500.0
Feb,Frankie Rose Cosmetics,5342.48
Feb,BeltBro,5000.0
Feb,Animal Ortho Care,4000.0
Mar,A Spice Affair,6000.0
Mar,Nexgen,12330.220000000001
Mar,Re-Lieved,6982.86
Mar,Frankie Rose Cosmetics,6018.96
Mar,New Option Sports,7000.0
Mar,Animal Ortho Care,4000.0
Mar,SnapPad,29632.388000000003
Mar,Paddletek,13269.14
Mar,Pepper Bras,30907.92
Mar,BioSwiss,2000.0
Mar,Braxley Bands,3000.0
Mar,Piper Finn,6000.0
Mar,Mountain Hound,3000.0
Mar,G1 Nutrition,3000.0
Mar,Arro Athletics,5000.0
Mar,BeltBro,6000.0
Mar,The Uzzle,8000.0
Mar,Lo & Sons,4000.0
Mar,Bamboo Little,8217.22
Mar,Ohm Store,5000.0
Mar,Southwest Archery,6000.0
Mar,A Spice Affair,6000.0
Mar,Foley Dog Treat Company,3000.0
Mar,HAVN Life,2000.0
Mar,Nexgen,10129.720000000001
Mar,Re-Lieved,5289.4
Mar,Frankie Rose Cosmetics,6039.1
Mar,New Option Sports,7000.0
Mar,Animal Ortho Care,4000.0
Mar,SnapPad,25687.68
Mar,Paddletek,13982.7
Mar,Pepper Bras,21039.82
Mar,SugarLash Pro,4000.0
Mar,BioSwiss,2000.0
Mar,Tactica Gear,4000.0
Mar,Braxley Bands,3000.0
Mar,Kings Loot,12631.4
Mar,Piper Finn,6000.0
Mar,Mountain Hound,3000.0
Mar,G1 Nutrition,3000.0
Mar,BlackGirl Vitamins,3000.0
Mar,Arro Athletics,5000.0
Mar,BeltBro,6000.0
Mar,The Uzzle,8000.0
Mar,Lo & Sons,8000.0
Mar,Bamboo Little,8000.0
Mar,Ohm Store,5000.0
Mar,A Spice Affair,6000.0
Mar,Foley Dog Treat Company,3000.0
Mar,HAVN Life,2000.0
Mar,Nexgen,6995.360000000001
Mar,Re-Lieved,5962.88
Mar,Frankie Rose Cosmetics,5745.36
Mar,New Option Sports,7000.0
Mar,Animal Ortho Care,4000.0
Mar,SnapPad,14467.560000000001
Mar,Paddletek,14339.060000000001
Mar,Pepper Bras,15861.5
Mar,SugarLash Pro,4000.0
Mar,BioSwiss,2000.0
Mar,Tactica Gear,4000.0
Mar,Braxley Bands,3000.0
Mar,Kings Loot,15346.96
Mar,Piper Finn,6000.0
Mar,Mountain Hound,3000.0
Mar,G1 Nutrition,3000.0
Mar,BlackGirl Vitamins,3000.0
Mar,Arro Athletics,5000.0
Mar,BeltBro,6000.0
Mar,The Uzzle,8000.0
Mar,Lo & Sons,8000.0
Mar,Bamboo Little,8000.0
Mar,New Miuz,3232.5
Mar,New Miuz,2730.4
Mar,Ohm Store,5000.0
Mar,Foley Dog Treat Company,3000.0
Mar,HAVN Life,2000.0
Mar,Nexgen,4000.0
Mar,Re-Lieved,4008.66
Mar,Frankie Rose Cosmetics,5649.0
Mar,New Option Sports,7000.0
Mar,Animal Ortho Care,4000.0
Mar,SnapPad,8000.0
Mar,Paddletek,18316.66
Mar,Pepper Bras,14714.68
Mar,SugarLash Pro,4000.0
Mar,BioSwiss,2000.0
Mar,Tactica Gear,4000.0
Mar,Braxley Bands,3000.0
Mar,Kings Loot,12000.0
Mar,Piper Finn,6000.0
Mar,Mountain Hound,3000.0
Mar,G1 Nutrition,3000.0
Mar,BlackGirl Vitamins,3000.0
Mar,Arro Athletics,5000.0
Mar,BeltBro,3000.0
Mar,The Uzzle,4000.0
Mar,A Spice Affair,6000.0
Mar,Foley Dog Treat Company,3000.0
Mar,HAVN Life,2000.0
Mar,Nexgen,5265.7
Mar,Re-Lieved,4531.42
Mar,California Baby,8429.28
Mar,Frankie Rose Cosmetics,5233.04
Mar,New Option Sports,7000.0
Mar,Animal Ortho Care,4000.0
Mar,SnapPad,8000.0
Mar,Paddletek,33442.240000000005
Mar,Pepper Bras,15270.84
Mar,SugarLash Pro,2000.0
Mar,BioSwiss,2000.0
Mar,Braxley Bands,3000.0
Mar,Kings Loot,12000.0
Mar,Piper Finn,6000.0
Mar,Mountain Hound,3000.0
Mar,G1 Nutrition,3000.0
Mar,Black Girl Vitamins,5000.0
Mar,A Spice Affair,6000.0
Mar,Foley Dog Treat Company,3000.0
Mar,HAVN Life,2000.0
Mar,Nexgen,4485.36
Mar,Re-Lieved,4408.18
Mar,California Baby,9845.62
Mar,Frankie Rose Cosmetics,5388.5
Mar,New Option Sports,7000.0
Mar,Animal Ortho Care,4000.0
Mar,SnapPad,13945.2
Mar,Paddletek,21799.760000000002
Mar,Pepper Bras,17266.2
Mar,SugarLash Pro,4000.0
Mar,BioSwiss,2000.0
Mar,Braxley Bands,3000.0
Mar,Kings Loot,12000.0
Mar,Piper Finn,6000.0
Mar,Mountain Hound,3000.0
Mar,G1 Nutrition,3000.0
Mar,A Spice Affair,6000.0
Mar,Foley Dog Treat Company,3000.0
Mar,HAVN Life,2000.0
Mar,Nexgen,6400.18
Mar,Re-Lieved,4583.9
Mar,California Baby,8304.7
Mar,Frankie Rose Cosmetics,5285.1
Mar,New Option Sports,7000.0
Mar,Animal Ortho Care,4000.0
Mar,SnapPad,15719.16
Mar,Paddletek,18847.78
Mar,Pepper Bras,13560.14
Mar,SugarLash Pro,4000.0
Mar,BioSwiss,2000.0
Mar,Tactica Gear,4000.0
Mar,NextComm,4000.0
Mar,Braxley Bands,3000.0
Mar,Christian Planner,5000.0
Mar,Kings Loot,12000.0
Mar,Piper Finn,3000.0
Mar,Mountain Hound,1500.0
Mar,G1 Nutrition,1500.0
Mar,A Spice Affair,6000.0
Mar,Foley Dog Treat Company,3000.0
Mar,HAVN Life,2000.0
Mar,Sperri,2000.0
Mar,Nexgen,6361.38
Mar,Re-Lieved,4906.82
Mar,California Baby,8876.84
Mar,Frankie Rose Cosmetics,5523.28
Mar,New Option Sports,7000.0
Mar,Animal Ortho Care,4000.0
Mar,SnapPad,13794.08
Mar,Paddletek,17530.260000000002
Mar,Pepper Bras,16765.440000000002
Mar,SugarLash Pro,4000.0
Mar,BioSwiss,2000.0
Mar,Tactica Gear,4000.0
Mar,NextComm,4000.0
Mar,Braxley Bands,3000.0
Mar,Christian Planner,5000.0
Mar,A Spice Affair,6000.0
Mar,Foley Dog Treat Company,3000.0
Mar,HAVN Life,2000.0
Mar,Sperri,5594.42
Mar,Nexgen,9467.21
Mar,Re-Lieved,4508.82
Mar,California Baby,10430.24
Mar,Frankie Rose Cosmetics,5462.0
Mar,New Option Sports,7000.0
Mar,Animal Ortho Care,4000.0
Mar,SnapPad,17334.7
Mar,Paddletek,19873.68
Mar,Pepper Bras,13226.279999999999
Mar,SugarLash Pro,4000.0
Mar,BioSwiss,2000.0
Mar,Tactica Gear,4000.0
Mar,NextComm,4000.0
Mar,Braxley Bands,3000.0
Mar,A Spice Affair,6000.0
Mar,Foley Dog Treat Company,3000.0
Mar,HAVN Life,2000.0
Mar,Sperri,5630.42
Mar,Nexgen,11986.76
Mar,Re-Lieved,5301.74
Mar,California Baby,10129.5
Mar,Frankie Rose Cosmetics,5420.28
Mar,New Option Sports,9000.0
Mar,Animal Ortho Care,4000.0
Mar,SnapPad,19338.36
Mar,Paddletek,16116.060000000001
Mar,Pepper Bras,19408.64
Mar,SugarLash Pro,4000.0
Mar,Droplette,3000.0
Mar,BioSwiss,2000.0
Mar,A Spice Affair,6000.0
Mar,Foley Dog Treat Company,3000.0
Mar,HAVN Life,2000.0
Mar,Joseph Nutless Clusters,3000.0
Mar,Sperri,6113.5599999999995
Mar,Nexgen,14127.72
Mar,Re-Lieved,6169.48
Mar,California Baby,12324.3
Mar,Frankie Rose Cosmetics,6125.86
Mar,New Option Sports,7000.0
Mar,Animal Ortho Care,4000.0
Mar,SnapPad,14577.0
Mar,Paddletek,8000.0
Mar,Pepper Bras,10025.74
Mar,SugarLash Pro,4000.0
Mar,Droplette,6000.0
Mar,A Spice Affair,6000.0
Mar,Foley Dog Treat Company,3000.0
Mar,Joseph Nutless Clusters,3000.0
Mar,Sperri,6014.84
Mar,Nexgen,14941.68
Mar,Re-Lieved,6084.34
Mar,California Baby,14175.48
Mar,Frankie Rose Cosmetics,5939.34
Mar,New Option Sports,9000.0
Mar,SnapPad,11346.52
Mar,Paddletek,8000.0
Mar,Pepper Bras,8000.0
Mar,SugarLash Pro,4000.0
Mar,Droplette,6000.0
Mar,A Spice Affair,6000.0
Mar,Foley Dog Treat Company,3000.0
Mar,HAVN Life,2000.0
Mar,Joseph Nutless Clusters,3000.0
Mar,Sperri,5893.96
Mar,Nexgen,14265.12
Mar,Re-Lieved,5039.46
Mar,California Baby,8504.58
Mar,Frankie Rose Cosmetics,5746.36
Mar,New Option Sports,7000.0
Mar,Animal Ortho Care,4000.0
Mar,SnapPad,10270.48
Mar,Paddletek,8000.0
Mar,Pepper Bras,4000.0
Mar,A Spice Affair,6000.0
Mar,Foley Dog Treat Company,3000.0
Mar,HAVN Life,2000.0
Mar,Joseph Nutless Clusters,3000.0
Mar,Sperri,5356.4
Mar,Nexgen,8799.84
Mar,Re-Lieved,5972.9
Mar,California Baby,11094.84
Mar,BeautyMagnet,3000.0
Mar,Frankie Rose Cosmetics,6607.1
Mar,New Option Sports,7000.0
Mar,Animal Ortho Care,4000.0
Mar,SnapPad,8000.0
Mar,A Spice Affair,6000.0
Mar,Foley Dog Treat Company,3000.0
Mar,HAVN Life,1000.0
Mar,Joseph Nutless Clusters,3000.0
Mar,Sperri,5000.74
Mar,BeltBro,5000.0
Mar,Nexgen,6521.0
Mar,Re-Lieved,4168.08
Mar,California Baby,10539.8
Mar,Frankie Rose Cosmetics,5024.26
Mar,Animal Ortho Care,4000.0
Mar,BeautyMagnet,3000.0
Mar,A Spice Affair,6000.0
Mar,Foley Dog Treat Company,3000.0
Mar,HAVN Life,1000.0
Mar,Joseph Nutless Clusters,3000.0
Mar,Sperri,4340.12
Mar,Nexgen,4374.24
Mar,Re-Lieved,5327.9
Mar,California Baby,6751.98
Mar,Alchemy Pet,2500.0
Mar,Frankie Rose Cosmetics,5342.48
Mar,BeltBro,5000.0
Mar,Animal Ortho Care,4000.0
Apr,A Spice Affair,6000.0
Apr,Nexgen,12330.220000000001
Apr,Re-Lieved,6982.86
Apr,Frankie Rose Cosmetics,6018.96
Apr,New Option Sports,7000.0
Apr,Animal Ortho Care,4000.0
Apr,SnapPad,29632.388000000003
Apr,Paddletek,13269.14
Apr,Pepper Bras,30907.92
Apr,BioSwiss,2000.0
Apr,Braxley Bands,3000.0
Apr,Piper Finn,6000.0
Apr,Mountain Hound,3000.0
Apr,G1 Nutrition,3000.0
Apr,Arro Athletics,5000.0
Apr,BeltBro,6000.0
Apr,The Uzzle,8000.0
Apr,Lo & Sons,4000.0
Apr,Bamboo Little,8217.22
Apr,Ohm Store,5000.0
Apr,Southwest Archery,6000.0
Apr,A Spice Affair,6000.0
Apr,Foley Dog Treat Company,3000.0
Apr,HAVN Life,2000.0
Apr,Nexgen,10129.720000000001
Apr,Re-Lieved,5289.4
Apr,Frankie Rose Cosmetics,6039.1
Apr,New Option Sports,7000.0
Apr,Animal Ortho Care,4000.0
Apr,SnapPad,25687.68
Apr,Paddletek,13982.7
Apr,Pepper Bras,21039.82
Apr,SugarLash Pro,4000.0
Apr,BioSwiss,2000.0
Apr,Tactica Gear,4000.0
Apr,Braxley Bands,3000.0
Apr,Kings Loot,12631.4
Apr,Piper Finn,6000.0
Apr,Mountain Hound,3000.0
Apr,G1 Nutrition,3000.0
Apr,BlackGirl Vitamins,3000.0
Apr,Arro Athletics,5000.0
Apr,BeltBro,6000.0
Apr,The Uzzle,8000.0
Apr,Lo & Sons,8000.0
Apr,Bamboo Little,8000.0
Apr,Ohm Store,5000.0
Apr,A Spice Affair,6000.0
Apr,Foley Dog Treat Company,3000.0
Apr,HAVN Life,2000.0
Apr,Nexgen,6995.360000000001
Apr,Re-Lieved,5962.88
Apr,Frankie Rose Cosmetics,5745.36
Apr,New Option Sports,7000.0
Apr,Animal Ortho Care,4000.0
Apr,SnapPad,14467.560000000001
Apr,Paddletek,14339.060000000001
Apr,Pepper Bras,15861.5
Apr,SugarLash Pro,4000.0
Apr,BioSwiss,2000.0
Apr,Tactica Gear,4000.0
Apr,Braxley Bands,3000.0
Apr,Kings Loot,15346.96
Apr,Piper Finn,6000.0
Apr,Mountain Hound,3000.0
Apr,G1 Nutrition,3000.0
Apr,BlackGirl Vitamins,3000.0
Apr,Arro Athletics,5000.0
Apr,BeltBro,6000.0
Apr,The Uzzle,8000.0
Apr,Lo & Sons,8000.0
Apr,Bamboo Little,8000.0
Apr,New Miuz,3232.5
Apr,New Miuz,2730.4
Apr,Ohm Store,5000.0
Apr,Foley Dog Treat Company,3000.0
Apr,HAVN Life,2000.0
Apr,Nexgen,4000.0
Apr,Re-Lieved,4008.66
Apr,Frankie Rose Cosmetics,5649.0
Apr,New Option Sports,7000.0
Apr,Animal Ortho Care,4000.0
Apr,SnapPad,8000.0
Apr,Paddletek,18316.66
Apr,Pepper Bras,14714.68
Apr,SugarLash Pro,4000.0
Apr,BioSwiss,2000.0
Apr,Tactica Gear,4000.0
Apr,Braxley Bands,3000.0
Apr,Kings Loot,12000.0
Apr,Piper Finn,6000.0
Apr,Mountain Hound,3000.0
Apr,G1 Nutrition,3000.0
Apr,BlackGirl Vitamins,3000.0
Apr,Arro Athletics,5000.0
Apr,BeltBro,3000.0
Apr,The Uzzle,4000.0
Apr,A Spice Affair,6000.0
Apr,Foley Dog Treat Company,3000.0
Apr,HAVN Life,2000.0
Apr,Nexgen,5265.7
Apr,Re-Lieved,4531.42
Apr,California Baby,8429.28
Apr,Frankie Rose Cosmetics,5233.04
Apr,New Option Sports,7000.0
Apr,Animal Ortho Care,4000.0
Apr,SnapPad,8000.0
Apr,Paddletek,33442.240000000005
Apr,Pepper Bras,15270.84
Apr,SugarLash Pro,2000.0
Apr,BioSwiss,2000.0
Apr,Braxley Bands,3000.0
Apr,Kings Loot,12000.0
Apr,Piper Finn,6000.0
Apr,Mountain Hound,3000.0
Apr,G1 Nutrition,3000.0
Apr,Black Girl Vitamins,5000.0
Apr,A Spice Affair,6000.0
Apr,Foley Dog Treat Company,3000.0
Apr,HAVN Life,2000.0
Apr,Nexgen,4485.36
Apr,Re-Lieved,4408.18
Apr,California Baby,9845.62
Apr,Frankie Rose Cosmetics,5388.5
Apr,New Option Sports,7000.0
Apr,Animal Ortho Care,4000.0
Apr,SnapPad,13945.2
Apr,Paddletek,21799.760000000002
Apr,Pepper Bras,17266.2
Apr,SugarLash Pro,4000.0
Apr,BioSwiss,2000.0
Apr,Braxley Bands,3000.0
Apr,Kings Loot,12000.0
Apr,Piper Finn,6000.0
Apr,Mountain Hound,3000.0
Apr,G1 Nutrition,3000.0
Apr,A Spice Affair,6000.0
Apr,Foley Dog Treat Company,3000.0
Apr,HAVN Life,2000.0
Apr,Nexgen,6400.18
Apr,Re-Lieved,4583.9
Apr,California Baby,8304.7
Apr,Frankie Rose Cosmetics,5285.1
Apr,New Option Sports,7000.0
Apr,Animal Ortho Care,4000.0
Apr,SnapPad,15719.16
Apr,Paddletek,18847.78
Apr,Pepper Bras,13560.14
Apr,SugarLash Pro,4000.0
Apr,BioSwiss,2000.0
Apr,Tactica Gear,4000.0
Apr,NextComm,4000.0
Apr,Braxley Bands,3000.0
Apr,Christian Planner,5000.0
Apr,Kings Loot,12000.0
Apr,Piper Finn,3000.0
Apr,Mountain Hound,1500.0
Apr,G1 Nutrition,1500.0
Apr,A Spice Affair,6000.0
Apr,Foley Dog Treat Company,3000.0
Apr,HAVN Life,2000.0
Apr,Sperri,2000.0
Apr,Nexgen,6361.38
Apr,Re-Lieved,4906.82
Apr,California Baby,8876.84
Apr,Frankie Rose Cosmetics,5523.28
Apr,New Option Sports,7000.0
Apr,Animal Ortho Care,4000.0
Apr,SnapPad,13794.08
Apr,Paddletek,17530.260000000002
Apr,Pepper Bras,16765.440000000002
Apr,SugarLash Pro,4000.0
Apr,BioSwiss,2000.0
Apr,Tactica Gear,4000.0
Apr,NextComm,4000.0
Apr,Braxley Bands,3000.0
Apr,Christian Planner,5000.0
Apr,A Spice Affair,6000.0
Apr,Foley Dog Treat Company,3000.0
Apr,HAVN Life,2000.0
Apr,Sperri,5594.42
Apr,Nexgen,9467.21
Apr,Re-Lieved,4508.82
Apr,California Baby,10430.24
Apr,Frankie Rose Cosmetics,5462.0
Apr,New Option Sports,7000.0
Apr,Animal Ortho Care,4000.0
Apr,SnapPad,17334.7
Apr,Paddletek,19873.68
Apr,Pepper Bras,13226.279999999999
Apr,SugarLash Pro,4000.0
Apr,BioSwiss,2000.0
Apr,Tactica Gear,4000.0
Apr,NextComm,4000.0
Apr,Braxley Bands,3000.0
Apr,A Spice Affair,6000.0
Apr,Foley Dog Treat Company,3000.0
Apr,HAVN Life,2000.0
Apr,Sperri,5630.42
Apr,Nexgen,11986.76
Apr,Re-Lieved,5301.74
Apr,California Baby,10129.5
Apr,Frankie Rose Cosmetics,5420.28
Apr,New Option Sports,9000.0
Apr,Animal Ortho Care,4000.0
Apr,SnapPad,19338.36
Apr,Paddletek,16116.060000000001
Apr,Pepper Bras,19408.64
Apr,SugarLash Pro,4000.0
Apr,Droplette,3000.0
Apr,BioSwiss,2000.0
Apr,A Spice Affair,6000.0
Apr,Foley Dog Treat Company,3000.0
Apr,HAVN Life,2000.0
Apr,Joseph Nutless Clusters,3000.0
Apr,Sperri,6113.5599999999995
Apr,Nexgen,14127.72
Apr,Re-Lieved,6169.48
Apr,California Baby,12324.3
Apr,Frankie Rose Cosmetics,6125.86
Apr,New Option Sports,7000.0
Apr,Animal Ortho Care,4000.0
Apr,SnapPad,14577.0
Apr,Paddletek,8000.0
Apr,Pepper Bras,10025.74
Apr,SugarLash Pro,4000.0
Apr,Droplette,6000.0
Apr,A Spice Affair,6000.0
Apr,Foley Dog Treat Company,3000.0
Apr,Joseph Nutless Clusters,3000.0
Apr,Sperri,6014.84
Apr,Nexgen,14941.68
Apr,Re-Lieved,6084.34
Apr,California Baby,14175.48
Apr,Frankie Rose Cosmetics,5939.34
Apr,New Option Sports,9000.0
Apr,SnapPad,11346.52
Apr,Paddletek,8000.0
Apr,Pepper Bras,8000.0
Apr,SugarLash Pro,4000.0
Apr,Droplette,6000.0
Apr,A Spice Affair,6000.0
Apr,Foley Dog Treat Company,3000.0
Apr,HAVN Life,2000.0
Apr,Joseph Nutless Clusters,3000.0
Apr,Sperri,5893.96
Apr,Nexgen,14265.12
Apr,Re-Lieved,5039.46
Apr,California Baby,8504.58
Apr,Frankie Rose Cosmetics,5746.36
Apr,New Option Sports,7000.0
Apr,Animal Ortho Care,4000.0
Apr,SnapPad,10270.48
Apr,Paddletek,8000.0
Apr,Pepper Bras,4000.0
Apr,A Spice Affair,6000.0
Apr,Foley Dog Treat Company,3000.0
Apr,HAVN Life,2000.0
Apr,Joseph Nutless Clusters,3000.0
Apr,Sperri,5356.4
Apr,Nexgen,8799.84
Apr,Re-Lieved,5972.9
Apr,California Baby,11094.84
Apr,BeautyMagnet,3000.0
Apr,Frankie Rose Cosmetics,6607.1
Apr,New Option Sports,7000.0
Apr,Animal Ortho Care,4000.0
Apr,SnapPad,8000.0
Apr,A Spice Affair,6000.0
Apr,Foley Dog Treat Company,3000.0
Apr,HAVN Life,1000.0
Apr,Joseph Nutless Clusters,3000.0
Apr,Sperri,5000.74
Apr,BeltBro,5000.0
Apr,Nexgen,6521.0
Apr,Re-Lieved,4168.08
Apr,California Baby,10539.8
Apr,Frankie Rose Cosmetics,5024.26
Apr,Animal Ortho Care,4000.0
Apr,BeautyMagnet,3000.0
Apr,A Spice Affair,6000.0
Apr,Foley Dog Treat Company,3000.0
Apr,HAVN Life,1000.0
Apr,Joseph Nutless Clusters,3000.0
Apr,Sperri,4340.12
Apr,Nexgen,4374.24
Apr,Re-Lieved,5327.9
Apr,California Baby,6751.98
Apr,Alchemy Pet,2500.0
Apr,Frankie Rose Cosmetics,5342.48
Apr,BeltBro,5000.0
Apr,Animal Ortho Care,4000.0
May,A Spice Affair,6000.0
May,Nexgen,12330.220000000001
May,Re-Lieved,6982.86
May,Frankie Rose Cosmetics,6018.96
May,New Option Sports,7000.0
May,Animal Ortho Care,4000.0
May,SnapPad,29632.388000000003
May,Paddletek,13269.14
May,Pepper Bras,30907.92
May,BioSwiss,2000.0
May,Braxley Bands,3000.0
May,Piper Finn,6000.0
May,Mountain Hound,3000.0
May,G1 Nutrition,3000.0
May,Arro Athletics,5000.0
May,BeltBro,6000.0
May,The Uzzle,8000.0
May,Lo & Sons,4000.0
May,Bamboo Little,8217.22
May,Ohm Store,5000.0
May,Southwest Archery,6000.0
May,A Spice Affair,6000.0
May,Foley Dog Treat Company,3000.0
May,HAVN Life,2000.0
May,Nexgen,10129.720000000001
May,Re-Lieved,5289.4
May,Frankie Rose Cosmetics,6039.1
May,New Option Sports,7000.0
May,Animal Ortho Care,4000.0
May,SnapPad,25687.68
May,Paddletek,13982.7
May,Pepper Bras,21039.82
May,SugarLash Pro,4000.0
May,BioSwiss,2000.0
May,Tactica Gear,4000.0
May,Braxley Bands,3000.0
May,Kings Loot,12631.4
May,Piper Finn,6000.0
May,Mountain Hound,3000.0
May,G1 Nutrition,3000.0
May,BlackGirl Vitamins,3000.0
May,Arro Athletics,5000.0
May,BeltBro,6000.0
May,The Uzzle,8000.0
May,Lo & Sons,8000.0
May,Bamboo Little,8000.0
May,Ohm Store,5000.0
May,A Spice Affair,6000.0
May,Foley Dog Treat Company,3000.0
May,HAVN Life,2000.0
May,Nexgen,6995.360000000001
May,Re-Lieved,5962.88
May,Frankie Rose Cosmetics,5745.36
May,New Option Sports,7000.0
May,Animal Ortho Care,4000.0
May,SnapPad,14467.560000000001
May,Paddletek,14339.060000000001
May,Pepper Bras,15861.5
May,SugarLash Pro,4000.0
May,BioSwiss,2000.0
May,Tactica Gear,4000.0
May,Braxley Bands,3000.0
May,Kings Loot,15346.96
May,Piper Finn,6000.0
May,Mountain Hound,3000.0
May,G1 Nutrition,3000.0
May,BlackGirl Vitamins,3000.0
May,Arro Athletics,5000.0
May,BeltBro,6000.0
May,The Uzzle,8000.0
May,Lo & Sons,8000.0
May,Bamboo Little,8000.0
May,New Miuz,3232.5
May,New Miuz,2730.4
May,Ohm Store,5000.0
May,Foley Dog Treat Company,3000.0
May,HAVN Life,2000.0
May,Nexgen,4000.0
May,Re-Lieved,4008.66
May,Frankie Rose Cosmetics,5649.0
May,New Option Sports,7000.0
May,Animal Ortho Care,4000.0
May,SnapPad,8000.0
May,Paddletek,18316.66
May,Pepper Bras,14714.68
May,SugarLash Pro,4000.0
May,BioSwiss,2000.0
May,Tactica Gear,4000.0
May,Braxley Bands,3000.0
May,Kings Loot,12000.0
May,Piper Finn,6000.0
May,Mountain Hound,3000.0
May,G1 Nutrition,3000.0
May,BlackGirl Vitamins,3000.0
May,Arro Athletics,5000.0
May,BeltBro,3000.0
May,The Uzzle,4000.0
May,A Spice Affair,6000.0
May,Foley Dog Treat Company,3000.0
May,HAVN Life,2000.0
May,Nexgen,5265.7
May,Re-Lieved,4531.42
May,California Baby,8429.28
May,Frankie Rose Cosmetics,5233.04
May,New Option Sports,7000.0
May,Animal Ortho Care,4000.0
May,SnapPad,8000.0
May,Paddletek,33442.240000000005
May,Pepper Bras,15270.84
May,SugarLash Pro,2000.0
May,BioSwiss,2000.0
May,Braxley Bands,3000.0
May,Kings Loot,12000.0
May,Piper Finn,6000.0
May,Mountain Hound,3000.0
May,G1 Nutrition,3000.0
May,Black Girl Vitamins,5000.0
May,A Spice Affair,6000.0
May,Foley Dog Treat Company,3000.0
May,HAVN Life,2000.0
May,Nexgen,4485.36
May,Re-Lieved,4408.18
May,California Baby,9845.62
May,Frankie Rose Cosmetics,5388.5
May,New Option Sports,7000.0
May,Animal Ortho Care,4000.0
May,SnapPad,13945.2
May,Paddletek,21799.760000000002
May,Pepper Bras,17266.2
May,SugarLash Pro,4000.0
May,BioSwiss,2000.0
May,Braxley Bands,3000.0
May,Kings Loot,12000.0
May,Piper Finn,6000.0
May,Mountain Hound,3000.0
May,G1 Nutrition,3000.0
May,A Spice Affair,6000.0
May,Foley Dog Treat Company,3000.0
May,HAVN Life,2000.0
May,Nexgen,6400.18
May,Re-Lieved,4583.9
May,California Baby,8304.7
May,Frankie Rose Cosmetics,5285.1
May,New Option Sports,7000.0
May,Animal Ortho Care,4000.0
May,SnapPad,15719.16
May,Paddletek,18847.78
May,Pepper Bras,13560.14
May,SugarLash Pro,4000.0
May,BioSwiss,2000.0
May,Tactica Gear,4000.0
May,NextComm,4000.0
May,Braxley Bands,3000.0
May,Christian Planner,5000.0
May,Kings Loot,12000.0
May,Piper Finn,3000.0
May,Mountain Hound,1500.0
May,G1 Nutrition,1500.0
May,A Spice Affair,6000.0
May,Foley Dog Treat Company,3000.0
May,HAVN Life,2000.0
May,Sperri,2000.0
May,Nexgen,6361.38
May,Re-Lieved,4906.82
May,California Baby,8876.84
May,Frankie Rose Cosmetics,5523.28
May,New Option Sports,7000.0
May,Animal Ortho Care,4000.0
May,SnapPad,13794.08
May,Paddletek,17530.260000000002
May,Pepper Bras,16765.440000000002
May,SugarLash Pro,4000.0
May,BioSwiss,2000.0
May,Tactica Gear,4000.0
May,NextComm,4000.0
May,Braxley Bands,3000.0
May,Christian Planner,5000.0
May,A Spice Affair,6000.0
May,Foley Dog Treat Company,3000.0
May,HAVN Life,2000.0
May,Sperri,5594.42
May,Nexgen,9467.21
May,Re-Lieved,4508.82
May,California Baby,10430.24
May,Frankie Rose Cosmetics,5462.0
May,New Option Sports,7000.0
May,Animal Ortho Care,4000.0
May,SnapPad,17334.7
May,Paddletek,19873.68
May,Pepper Bras,13226.279999999999
May,SugarLash Pro,4000.0
May,BioSwiss,2000.0
May,Tactica Gear,4000.0
May,NextComm,4000.0
May,Braxley Bands,3000.0
May,A Spice Affair,6000.0
May,Foley Dog Treat Company,3000.0
May,HAVN Life,2000.0
May,Sperri,5630.42
May,Nexgen,11986.76
May,Re-Lieved,5301.74
May,California Baby,10129.5
May,Frankie Rose Cosmetics,5420.28
May,New Option Sports,9000.0
May,Animal Ortho Care,4000.0
May,SnapPad,19338.36
May,Paddletek,16116.060000000001
May,Pepper Bras,19408.64
May,SugarLash Pro,4000.0
May,Droplette,3000.0
May,BioSwiss,2000.0
May,A Spice Affair,6000.0
May,Foley Dog Treat Company,3000.0
May,HAVN Life,2000.0
May,Joseph Nutless Clusters,3000.0
May,Sperri,6113.5599999999995
May,Nexgen,14127.72
May,Re-Lieved,6169.48
May,California Baby,12324.3
May,Frankie Rose Cosmetics,6125.86
May,New Option Sports,7000.0
May,Animal Ortho Care,4000.0
May,SnapPad,14577.0
May,Paddletek,8000.0
May,Pepper Bras,10025.74
May,SugarLash Pro,4000.0
May,Droplette,6000.0
May,A Spice Affair,6000.0
May,Foley Dog Treat Company,3000.0
May,Joseph Nutless Clusters,3000.0
May,Sperri,6014.84
May,Nexgen,14941.68
May,Re-Lieved,6084.34
May,California Baby,14175.48
May,Frankie Rose Cosmetics,5939.34
May,New Option Sports,9000.0
May,SnapPad,11346.52
May,Paddletek,8000.0
May,Pepper Bras,8000.0
May,SugarLash Pro,4000.0
May,Droplette,6000.0
May,A Spice Affair,6000.0
May,Foley Dog Treat Company,3000.0
May,HAVN Life,2000.0
May,Joseph Nutless Clusters,3000.0
May,Sperri,5893.96
May,Nexgen,14265.12
May,Re-Lieved,5039.46
May,California Baby,8504.58
May,Frankie Rose Cosmetics,5746.36
May,New Option Sports,7000.0
May,Animal Ortho Care,4000.0
May,SnapPad,10270.48
May,Paddletek,8000.0
May,Pepper Bras,4000.0
May,A Spice Affair,6000.0
May,Foley Dog Treat Company,3000.0
May,HAVN Life,2000.0
May,Joseph Nutless Clusters,3000.0
May,Sperri,5356.4
May,Nexgen,8799.84
May,Re-Lieved,5972.9
May,California Baby,11094.84
May,BeautyMagnet,3000.0
May,Frankie Rose Cosmetics,6607.1
May,New Option Sports,7000.0
May,Animal Ortho Care,4000.0
May,SnapPad,8000.0
May,A Spice Affair,6000.0
May,Foley Dog Treat Company,3000.0
May,HAVN Life,1000.0
May,Joseph Nutless Clusters,3000.0
May,Sperri,5000.74
May,BeltBro,5000.0
May,Nexgen,6521.0
May,Re-Lieved,4168.08
May,California Baby,10539.8
May,Frankie Rose Cosmetics,5024.26
May,Animal Ortho Care,4000.0
May,BeautyMagnet,3000.0
May,A Spice Affair,6000.0
May,Foley Dog Treat Company,3000.0
May,HAVN Life,1000.0
May,Joseph Nutless Clusters,3000.0
May,Sperri,4340.12
May,Nexgen,4374.24
May,Re-Lieved,5327.9
May,California Baby,6751.98
May,Alchemy Pet,2500.0
May,Frankie Rose Cosmetics,5342.48
May,BeltBro,5000.0
May,Animal Ortho Care,4000.0
Jun,A Spice Affair,6000.0
Jun,Nexgen,12330.220000000001
Jun,Re-Lieved,6982.86
Jun,Frankie Rose Cosmetics,6018.96
Jun,New Option Sports,7000.0
Jun,Animal Ortho Care,4000.0
Jun,SnapPad,29632.388000000003
Jun,Paddletek,13269.14
Jun,Pepper Bras,30907.92
Jun,BioSwiss,2000.0
Jun,Braxley Bands,3000.0
Jun,Piper Finn,6000.0
Jun,Mountain Hound,3000.0
Jun,G1 Nutrition,3000.0
Jun,Arro Athletics,5000.0
Jun,BeltBro,6000.0
Jun,The Uzzle,8000.0
Jun,Lo & Sons,4000.0
Jun,Bamboo Little,8217.22
Jun,Ohm Store,5000.0
Jun,Southwest Archery,6000.0
Jun,A Spice Affair,6000.0
Jun,Foley Dog Treat Company,3000.0
Jun,HAVN Life,2000.0
Jun,Nexgen,10129.720000000001
Jun,Re-Lieved,5289.4
Jun,Frankie Rose Cosmetics,6039.1
Jun,New Option Sports,7000.0
Jun,Animal Ortho Care,4000.0
Jun,SnapPad,25687.68
Jun,Paddletek,13982.7
Jun,Pepper Bras,21039.82
Jun,SugarLash Pro,4000.0
Jun,BioSwiss,2000.0
Jun,Tactica Gear,4000.0
Jun,Braxley Bands,3000.0
Jun,Kings Loot,12631.4
Jun,Piper Finn,6000.0
Jun,Mountain Hound,3000.0
Jun,G1 Nutrition,3000.0
Jun,BlackGirl Vitamins,3000.0
Jun,Arro Athletics,5000.0
Jun,BeltBro,6000.0
Jun,The Uzzle,8000.0
Jun,Lo & Sons,8000.0
Jun,Bamboo Little,8000.0
Jun,Ohm Store,5000.0
Jun,A Spice Affair,6000.0
Jun,Foley Dog Treat Company,3000.0
Jun,HAVN Life,2000.0
Jun,Nexgen,6995.360000000001
Jun,Re-Lieved,5962.88
Jun,Frankie Rose Cosmetics,5745.36
Jun,New Option Sports,7000.0
Jun,Animal Ortho Care,4000.0
Jun,SnapPad,14467.560000000001
Jun,Paddletek,14339.060000000001
Jun,Pepper Bras,15861.5
Jun,SugarLash Pro,4000.0
Jun,BioSwiss,2000.0
Jun,Tactica Gear,4000.0
Jun,Braxley Bands,3000.0
Jun,Kings Loot,15346.96
Jun,Piper Finn,6000.0
Jun,Mountain Hound,3000.0
Jun,G1 Nutrition,3000.0
Jun,BlackGirl Vitamins,3000.0
Jun,Arro Athletics,5000.0
Jun,BeltBro,6000.0
Jun,The Uzzle,8000.0
Jun,Lo & Sons,8000.0
Jun,Bamboo Little,8000.0
Jun,New Miuz,3232.5
Jun,New Miuz,2730.4
Jun,Ohm Store,5000.0
Jun,Foley Dog Treat Company,3000.0
Jun,HAVN Life,2000.0
Jun,Nexgen,4000.0
Jun,Re-Lieved,4008.66
Jun,Frankie Rose Cosmetics,5649.0
Jun,New Option Sports,7000.0
Jun,Animal Ortho Care,4000.0
Jun,SnapPad,8000.0
Jun,Paddletek,18316.66
Jun,Pepper Bras,14714.68
Jun,SugarLash Pro,4000.0
Jun,BioSwiss,2000.0
Jun,Tactica Gear,4000.0
Jun,Braxley Bands,3000.0
Jun,Kings Loot,12000.0
Jun,Piper Finn,6000.0
Jun,Mountain Hound,3000.0
Jun,G1 Nutrition,3000.0
Jun,BlackGirl Vitamins,3000.0
Jun,Arro Athletics,5000.0
Jun,BeltBro,3000.0
Jun,The Uzzle,4000.0
Jun,A Spice Affair,6000.0
Jun,Foley Dog Treat Company,3000.0
Jun,HAVN Life,2000.0
Jun,Nexgen,5265.7
Jun,Re-Lieved,4531.42
Jun,California Baby,8429.28
Jun,Frankie Rose Cosmetics,5233.04
Jun,New Option Sports,7000.0
Jun,Animal Ortho Care,4000.0
Jun,SnapPad,8000.0
Jun,Paddletek,33442.240000000005
Jun,Pepper Bras,15270.84
Jun,SugarLash Pro,2000.0
Jun,BioSwiss,2000.0
Jun,Braxley Bands,3000.0
Jun,Kings Loot,12000.0
Jun,Piper Finn,6000.0
Jun,Mountain Hound,3000.0
Jun,G1 Nutrition,3000.0
Jun,Black Girl Vitamins,5000.0
Jun,A Spice Affair,6000.0
Jun,Foley Dog Treat Company,3000.0
Jun,HAVN Life,2000.0
Jun,Nexgen,4485.36
Jun,Re-Lieved,4408.18
Jun,California Baby,9845.62
Jun,Frankie Rose Cosmetics,5388.5
Jun,New Option Sports,7000.0
Jun,Animal Ortho Care,4000.0
Jun,SnapPad,13945.2
Jun,Paddletek,21799.760000000002
Jun,Pepper Bras,17266.2
Jun,SugarLash Pro,4000.0
Jun,BioSwiss,2000.0
Jun,Braxley Bands,3000.0
Jun,Kings Loot,12000.0
Jun,Piper Finn,6000.0
Jun,Mountain Hound,3000.0
Jun,G1 Nutrition,3000.0
Jun,A Spice Affair,6000.0
Jun,Foley Dog Treat Company,3000.0
Jun,HAVN Life,2000.0
Jun,Nexgen,6400.18
Jun,Re-Lieved,4583.9
Jun,California Baby,8304.7
Jun,Frankie Rose Cosmetics,5285.1
Jun,New Option Sports,7000.0
Jun,Animal Ortho Care,4000.0
Jun,SnapPad,15719.16
Jun,Paddletek,18847.78
Jun,Pepper Bras,13560.14
Jun,SugarLash Pro,4000.0
Jun,BioSwiss,2000.0
Jun,Tactica Gear,4000.0
Jun,NextComm,4000.0
Jun,Braxley Bands,3000.0
Jun,Christian Planner,5000.0
Jun,Kings Loot,12000.0
Jun,Piper Finn,3000.0
Jun,Mountain Hound,1500.0
Jun,G1 Nutrition,1500.0
Jun,A Spice Affair,6000.0
Jun,Foley Dog Treat Company,3000.0
Jun,HAVN Life,2000.0
Jun,Sperri,2000.0
Jun,Nexgen,6361.38
Jun,Re-Lieved,4906.82
Jun,California Baby,8876.84
Jun,Frankie Rose Cosmetics,5523.28
Jun,New Option Sports,7000.0
Jun,Animal Ortho Care,4000.0
Jun,SnapPad,13794.08
Jun,Paddletek,17530.260000000002
Jun,Pepper Bras,16765.440000000002
Jun,SugarLash Pro,4000.0
Jun,BioSwiss,2000.0
Jun,Tactica Gear,4000.0
Jun,NextComm,4000.0
Jun,Braxley Bands,3000.0
Jun,Christian Planner,5000.0
Jun,A Spice Affair,6000.0
Jun,Foley Dog Treat Company,3000.0
Jun,HAVN Life,2000.0
Jun,Sperri,5594.42
Jun,Nexgen,9467.21
Jun,Re-Lieved,4508.82
Jun,California Baby,10430.24
Jun,Frankie Rose Cosmetics,5462.0
Jun,New Option Sports,7000.0
Jun,Animal Ortho Care,4000.0
Jun,SnapPad,17334.7
Jun,Paddletek,19873.68
Jun,Pepper Bras,13226.279999999999
Jun,SugarLash Pro,4000.0
Jun,BioSwiss,2000.0
Jun,Tactica Gear,4000.0
Jun,NextComm,4000.0
Jun,Braxley Bands,3000.0
Jun,A Spice Affair,6000.0
Jun,Foley Dog Treat Company,3000.0
Jun,HAVN Life,2000.0
Jun,Sperri,5630.42
Jun,Nexgen,11986.76
Jun,Re-Lieved,5301.74
Jun,California Baby,10129.5
Jun,Frankie Rose Cosmetics,5420.28
Jun,New Option Sports,9000.0
Jun,Animal Ortho Care,4000.0
Jun,SnapPad,19338.36
Jun,Paddletek,16116.060000000001
Jun,Pepper Bras,19408.64
Jun,SugarLash Pro,4000.0
Jun,Droplette,3000.0
Jun,BioSwiss,2000.0
Jun,A Spice Affair,6000.0
Jun,Foley Dog Treat Company,3000.0
Jun,HAVN Life,2000.0
Jun,Joseph Nutless Clusters,3000.0
Jun,Sperri,6113.5599999999995
Jun,Nexgen,14127.72
Jun,Re-Lieved,6169.48
Jun,California Baby,12324.3
Jun,Frankie Rose Cosmetics,6125.86
Jun,New Option Sports,7000.0
Jun,Animal Ortho Care,4000.0
Jun,SnapPad,14577.0
Jun,Paddletek,8000.0
Jun,Pepper Bras,10025.74
Jun,SugarLash Pro,4000.0
Jun,Droplette,6000.0
Jun,A Spice Affair,6000.0
Jun,Foley Dog Treat Company,3000.0
Jun,Joseph Nutless Clusters,3000.0
Jun,Sperri,6014.84
Jun,Nexgen,14941.68
Jun,Re-Lieved,6084.34
Jun,California Baby,14175.48
Jun,Frankie Rose Cosmetics,5939.34
Jun,New Option Sports,9000.0
Jun,SnapPad,11346.52
Jun,Paddletek,8000.0
Jun,Pepper Bras,8000.0
Jun,SugarLash Pro,4000.0
Jun,Droplette,6000.0
Jun,A Spice Affair,6000.0
Jun,Foley Dog Treat Company,3000.0
Jun,HAVN Life,2000.0
Jun,Joseph Nutless Clusters,3000.0
Jun,Sperri,5893.96
Jun,Nexgen,14265.12
Jun,Re-Lieved,5039.46
Jun,California Baby,8504.58
Jun,Frankie Rose Cosmetics,5746.36
Jun,New Option Sports,7000.0
Jun,Animal Ortho Care,4000.0
Jun,SnapPad,10270.48
Jun,Paddletek,8000.0
Jun,Pepper Bras,4000.0
Jun,A Spice Affair,6000.0
Jun,Foley Dog Treat Company,3000.0
Jun,HAVN Life,2000.0
Jun,Joseph Nutless Clusters,3000.0
Jun,Sperri,5356.4
Jun,Nexgen,8799.84
Jun,Re-Lieved,5972.9
Jun,California Baby,11094.84
Jun,BeautyMagnet,3000.0
Jun,Frankie Rose Cosmetics,6607.1
Jun,New Option Sports,7000.0
Jun,Animal Ortho Care,4000.0
Jun,SnapPad,8000.0
Jun,A Spice Affair,6000.0
Jun,Foley Dog Treat Company,3000.0
Jun,HAVN Life,1000.0
Jun,Joseph Nutless Clusters,3000.0
Jun,Sperri,5000.74
Jun,BeltBro,5000.0
Jun,Nexgen,6521.0
Jun,Re-Lieved,4168.08
Jun,California Baby,10539.8
Jun,Frankie Rose Cosmetics,5024.26
Jun,Animal Ortho Care,4000.0
Jun,BeautyMagnet,3000.0
Jun,A Spice Affair,6000.0
Jun,Foley Dog Treat Company,3000.0
Jun,HAVN Life,1000.0
Jun,Joseph Nutless Clusters,3000.0
Jun,Sperri,4340.12
Jun,Nexgen,4374.24
Jun,Re-Lieved,5327.9
Jun,California Baby,6751.98
Jun,Alchemy Pet,2500.0
Jun,Frankie Rose Cosmetics,5342.48
Jun,BeltBro,5000.0
Jun,Animal Ortho Care,4000.0
Jul,A Spice Affair,6000.0
Jul,Nexgen,12330.220000000001
Jul,Re-Lieved,6982.86
Jul,Frankie Rose Cosmetics,6018.96
Jul,New Option Sports,7000.0
Jul,Animal Ortho Care,4000.0
Jul,SnapPad,29632.388000000003
Jul,Paddletek,13269.14
Jul,Pepper Bras,30907.92
Jul,BioSwiss,2000.0
Jul,Braxley Bands,3000.0
Jul,Piper Finn,6000.0
Jul,Mountain Hound,3000.0
Jul,G1 Nutrition,3000.0
Jul,Arro Athletics,5000.0
Jul,BeltBro,6000.0
Jul,The Uzzle,8000.0
Jul,Lo & Sons,4000.0
Jul,Bamboo Little,8217.22
Jul,Ohm Store,5000.0
Jul,Southwest Archery,6000.0
Jul,A Spice Affair,6000.0
Jul,Foley Dog Treat Company,3000.0
Jul,HAVN Life,2000.0
Jul,Nexgen,10129.720000000001
Jul,Re-Lieved,5289.4
Jul,Frankie Rose Cosmetics,6039.1
Jul,New Option Sports,7000.0
Jul,Animal Ortho Care,4000.0
Jul,SnapPad,25687.68
Jul,Paddletek,13982.7
Jul,Pepper Bras,21039.82
Jul,SugarLash Pro,4000.0
Jul,BioSwiss,2000.0
Jul,Tactica Gear,4000.0
Jul,Braxley Bands,3000.0
Jul,Kings Loot,12631.4
Jul,Piper Finn,6000.0
Jul,Mountain Hound,3000.0
Jul,G1 Nutrition,3000.0
Jul,BlackGirl Vitamins,3000.0
Jul,Arro Athletics,5000.0
Jul,BeltBro,6000.0
Jul,The Uzzle,8000.0
Jul,Lo & Sons,8000.0
Jul,Bamboo Little,8000.0
Jul,Ohm Store,5000.0
Jul,A Spice Affair,6000.0
Jul,Foley Dog Treat Company,3000.0
Jul,HAVN Life,2000.0
Jul,Nexgen,6995.360000000001
Jul,Re-Lieved,5962.88
Jul,Frankie Rose Cosmetics,5745.36
Jul,New Option Sports,7000.0
Jul,Animal Ortho Care,4000.0
Jul,SnapPad,14467.560000000001
Jul,Paddletek,14339.060000000001
Jul,Pepper Bras,15861.5
Jul,SugarLash Pro,4000.0
Jul,BioSwiss,2000.0
Jul,Tactica Gear,4000.0
Jul,Braxley Bands,3000.0
Jul,Kings Loot,15346.96
Jul,Piper Finn,6000.0
Jul,Mountain Hound,3000.0
Jul,G1 Nutrition,3000.0
Jul,BlackGirl Vitamins,3000.0
Jul,Arro Athletics,5000.0
Jul,BeltBro,6000.0
Jul,The Uzzle,8000.0
Jul,Lo & Sons,8000.0
Jul,Bamboo Little,8000.0
Jul,New Miuz,3232.5
Jul,New Miuz,2730.4
Jul,Ohm Store,5000.0
Jul,Foley Dog Treat Company,3000.0
Jul,HAVN Life,2000.0
Jul,Nexgen,4000.0
Jul,Re-Lieved,4008.66
Jul,Frankie Rose Cosmetics,5649.0
Jul,New Option Sports,7000.0
Jul,Animal Ortho Care,4000.0
Jul,SnapPad,8000.0
Jul,Paddletek,18316.66
Jul,Pepper Bras,14714.68
Jul,SugarLash Pro,4000.0
Jul,BioSwiss,2000.0
Jul,Tactica Gear,4000.0
Jul,Braxley Bands,3000.0
Jul,Kings Loot,12000.0
Jul,Piper Finn,6000.0
Jul,Mountain Hound,3000.0
Jul,G1 Nutrition,3000.0
Jul,BlackGirl Vitamins,3000.0
Jul,Arro Athletics,5000.0
Jul,BeltBro,3000.0
Jul,The Uzzle,4000.0
Jul,A Spice Affair,6000.0
Jul,Foley Dog Treat Company,3000.0
Jul,HAVN Life,2000.0
Jul,Nexgen,5265.7
Jul,Re-Lieved,4531.42
Jul,California Baby,8429.28
Jul,Frankie Rose Cosmetics,5233.04
Jul,New Option Sports,7000.0
Jul,Animal Ortho Care,4000.0
Jul,SnapPad,8000.0
Jul,Paddletek,33442.240000000005
Jul,Pepper Bras,15270.84
Jul,SugarLash Pro,2000.0
Jul,BioSwiss,2000.0
Jul,Braxley Bands,3000.0
Jul,Kings Loot,12000.0
Jul,Piper Finn,6000.0
Jul,Mountain Hound,3000.0
Jul,G1 Nutrition,3000.0
Jul,Black Girl Vitamins,5000.0
Jul,A Spice Affair,6000.0
Jul,Foley Dog Treat Company,3000.0
Jul,HAVN Life,2000.0
Jul,Nexgen,4485.36
Jul,Re-Lieved,4408.18
Jul,California Baby,9845.62
Jul,Frankie Rose Cosmetics,5388.5
Jul,New Option Sports,7000.0
Jul,Animal Ortho Care,4000.0
Jul,SnapPad,13945.2
Jul,Paddletek,21799.760000000002
Jul,Pepper Bras,17266.2
Jul,SugarLash Pro,4000.0
Jul,BioSwiss,2000.0
Jul,Braxley Bands,3000.0
Jul,Kings Loot,12000.0
Jul,Piper Finn,6000.0
Jul,Mountain Hound,3000.0
Jul,G1 Nutrition,3000.0
Jul,A Spice Affair,6000.0
Jul,Foley Dog Treat Company,3000.0
Jul,HAVN Life,2000.0
Jul,Nexgen,6400.18
Jul,Re-Lieved,4583.9
Jul,California Baby,8304.7
Jul,Frankie Rose Cosmetics,5285.1
Jul,New Option Sports,7000.0
Jul,Animal Ortho Care,4000.0
Jul,SnapPad,15719.16
Jul,Paddletek,18847.78
Jul,Pepper Bras,13560.14
Jul,SugarLash Pro,4000.0
Jul,BioSwiss,2000.0
Jul,Tactica Gear,4000.0
Jul,NextComm,4000.0
Jul,Braxley Bands,3000.0
Jul,Christian Planner,5000.0
Jul,Kings Loot,12000.0
Jul,Piper Finn,3000.0
Jul,Mountain Hound,1500.0
Jul,G1 Nutrition,1500.0
Jul,A Spice Affair,6000.0
Jul,Foley Dog Treat Company,3000.0
Jul,HAVN Life,2000.0
Jul,Sperri,2000.0
Jul,Nexgen,6361.38
Jul,Re-Lieved,4906.82
Jul,California Baby,8876.84
Jul,Frankie Rose Cosmetics,5523.28
Jul,New Option Sports,7000.0
Jul,Animal Ortho Care,4000.0
Jul,SnapPad,13794.08
Jul,Paddletek,17530.260000000002
Jul,Pepper Bras,16765.440000000002
Jul,SugarLash Pro,4000.0
Jul,BioSwiss,2000.0
Jul,Tactica Gear,4000.0
Jul,NextComm,4000.0
Jul,Braxley Bands,3000.0
Jul,Christian Planner,5000.0
Jul,A Spice Affair,6000.0
Jul,Foley Dog Treat Company,3000.0
Jul,HAVN Life,2000.0
Jul,Sperri,5594.42
Jul,Nexgen,9467.21
Jul,Re-Lieved,4508.82
Jul,California Baby,10430.24
Jul,Frankie Rose Cosmetics,5462.0
Jul,New Option Sports,7000.0
Jul,Animal Ortho Care,4000.0
Jul,SnapPad,17334.7
Jul,Paddletek,19873.68
Jul,Pepper Bras,13226.279999999999
Jul,SugarLash Pro,4000.0
Jul,BioSwiss,2000.0
Jul,Tactica Gear,4000.0
Jul,NextComm,4000.0
Jul,Braxley Bands,3000.0
Jul,A Spice Affair,6000.0
Jul,Foley Dog Treat Company,3000.0
Jul,HAVN Life,2000.0
Jul,Sperri,5630.42
Jul,Nexgen,11986.76
Jul,Re-Lieved,5301.74
Jul,California Baby,10129.5
Jul,Frankie Rose Cosmetics,5420.28
Jul,New Option Sports,9000.0
Jul,Animal Ortho Care,4000.0
Jul,SnapPad,19338.36
Jul,Paddletek,16116.060000000001
Jul,Pepper Bras,19408.64
Jul,SugarLash Pro,4000.0
Jul,Droplette,3000.0
Jul,BioSwiss,2000.0
Jul,A Spice Affair,6000.0
Jul,Foley Dog Treat Company,3000.0
Jul,HAVN Life,2000.0
Jul,Joseph Nutless Clusters,3000.0
Jul,Sperri,6113.5599999999995
Jul,Nexgen,14127.72
Jul,Re-Lieved,6169.48
Jul,California Baby,12324.3
Jul,Frankie Rose Cosmetics,6125.86
Jul,New Option Sports,7000.0
Jul,Animal Ortho Care,4000.0
Jul,SnapPad,14577.0
Jul,Paddletek,8000.0
Jul,Pepper Bras,10025.74
Jul,SugarLash Pro,4000.0
Jul,Droplette,6000.0
Jul,A Spice Affair,6000.0
Jul,Foley Dog Treat Company,3000.0
Jul,Joseph Nutless Clusters,3000.0
Jul,Sperri,6014.84
Jul,Nexgen,14941.68
Jul,Re-Lieved,6084.34
Jul,California Baby,14175.48
Jul,Frankie Rose Cosmetics,5939.34
Jul,New Option Sports,9000.0
Jul,SnapPad,11346.52
Jul,Paddletek,8000.0
Jul,Pepper Bras,8000.0
Jul,SugarLash Pro,4000.0
Jul,Droplette,6000.0
Jul,A Spice Affair,6000.0
Jul,Foley Dog Treat Company,3000.0
Jul,HAVN Life,2000.0
Jul,Joseph Nutless Clusters,3000.0
Jul,Sperri,5893.96
Jul,Nexgen,14265.12
Jul,Re-Lieved,5039.46
Jul,California Baby,8504.58
Jul,Frankie Rose Cosmetics,5746.36
Jul,New Option Sports,7000.0
Jul,Animal Ortho Care,4000.0
Jul,SnapPad,10270.48
Jul,Paddletek,8000.0
Jul,Pepper Bras,4000.0
Jul,A Spice Affair,6000.0
Jul,Foley Dog Treat Company,3000.0
Jul,HAVN Life,2000.0
Jul,Joseph Nutless Clusters,3000.0
Jul,Sperri,5356.4
Jul,Nexgen,8799.84
Jul,Re-Lieved,5972.9
Jul,California Baby,11094.84
Jul,BeautyMagnet,3000.0
Jul,Frankie Rose Cosmetics,6607.1
Jul,New Option Sports,7000.0
Jul,Animal Ortho Care,4000.0
Jul,SnapPad,8000.0
Jul,A Spice Affair,6000.0
Jul,Foley Dog Treat Company,3000.0
Jul,HAVN Life,1000.0
Jul,Joseph Nutless Clusters,3000.0
Jul,Sperri,5000.74
Jul,BeltBro,5000.0
Jul,Nexgen,6521.0
Jul,Re-Lieved,4168.08
Jul,California Baby,10539.8
Jul,Frankie Rose Cosmetics,5024.26
Jul,Animal Ortho Care,4000.0
Jul,BeautyMagnet,3000.0
Jul,A Spice Affair,6000.0
Jul,Foley Dog Treat Company,3000.0
Jul,HAVN Life,1000.0
Jul,Joseph Nutless Clusters,3000.0
Jul,Sperri,4340.12
Jul,Nexgen,4374.24
Jul,Re-Lieved,5327.9
Jul,California Baby,6751.98
Jul,Alchemy Pet,2500.0
Jul,Frankie Rose Cosmetics,5342.48
Jul,BeltBro,5000.0
Jul,Animal Ortho Care,4000.0
Aug,A Spice Affair,6000.0
Aug,Nexgen,12330.220000000001
Aug,Re-Lieved,6982.86
Aug,Frankie Rose Cosmetics,6018.96
Aug,New Option Sports,7000.0
Aug,Animal Ortho Care,4000.0
Aug,SnapPad,29632.388000000003
Aug,Paddletek,13269.14
Aug,Pepper Bras,30907.92
Aug,BioSwiss,2000.0
Aug,Braxley Bands,3000.0
Aug,Piper Finn,6000.0
Aug,Mountain Hound,3000.0
Aug,G1 Nutrition,3000.0
Aug,Arro Athletics,5000.0
Aug,BeltBro,6000.0
Aug,The Uzzle,8000.0
Aug,Lo & Sons,4000.0
Aug,Bamboo Little,8217.22
Aug,Ohm Store,5000.0
Aug,Southwest Archery,6000.0
Aug,A Spice Affair,6000.0
Aug,Foley Dog Treat Company,3000.0
Aug,HAVN Life,2000.0
Aug,Nexgen,10129.720000000001
Aug,Re-Lieved,5289.4
Aug,Frankie Rose Cosmetics,6039.1
Aug,New Option Sports,7000.0
Aug,Animal Ortho Care,4000.0
Aug,SnapPad,25687.68
Aug,Paddletek,13982.7
Aug,Pepper Bras,21039.82
Aug,SugarLash Pro,4000.0
Aug,BioSwiss,2000.0
Aug,Tactica Gear,4000.0
Aug,Braxley Bands,3000.0
Aug,Kings Loot,12631.4
Aug,Piper Finn,6000.0
Aug,Mountain Hound,3000.0
Aug,G1 Nutrition,3000.0
Aug,BlackGirl Vitamins,3000.0
Aug,Arro Athletics,5000.0
Aug,BeltBro,6000.0
Aug,The Uzzle,8000.0
Aug,Lo & Sons,8000.0
Aug,Bamboo Little,8000.0
Aug,Ohm Store,5000.0
Aug,A Spice Affair,6000.0
Aug,Foley Dog Treat Company,3000.0
Aug,HAVN Life,2000.0
Aug,Nexgen,6995.360000000001
Aug,Re-Lieved,5962.88
Aug,Frankie Rose Cosmetics,5745.36
Aug,New Option Sports,7000.0
Aug,Animal Ortho Care,4000.0
Aug,SnapPad,14467.560000000001
Aug,Paddletek,14339.060000000001
Aug,Pepper Bras,15861.5
Aug,SugarLash Pro,4000.0
Aug,BioSwiss,2000.0
Aug,Tactica Gear,4000.0
Aug,Braxley Bands,3000.0
Aug,Kings Loot,15346.96
Aug,Piper Finn,6000.0
Aug,Mountain Hound,3000.0
Aug,G1 Nutrition,3000.0
Aug,BlackGirl Vitamins,3000.0
Aug,Arro Athletics,5000.0
Aug,BeltBro,6000.0
Aug,The Uzzle,8000.0
Aug,Lo & Sons,8000.0
Aug,Bamboo Little,8000.0
Aug,New Miuz,3232.5
Aug,New Miuz,2730.4
Aug,Ohm Store,5000.0
Aug,Foley Dog Treat Company,3000.0
Aug,HAVN Life,2000.0
Aug,Nexgen,4000.0
Aug,Re-Lieved,4008.66
Aug,Frankie Rose Cosmetics,5649.0
Aug,New Option Sports,7000.0
Aug,Animal Ortho Care,4000.0
Aug,SnapPad,8000.0
Aug,Paddletek,18316.66
Aug,Pepper Bras,14714.68
Aug,SugarLash Pro,4000.0
Aug,BioSwiss,2000.0
Aug,Tactica Gear,4000.0
Aug,Braxley Bands,3000.0
Aug,Kings Loot,12000.0
Aug,Piper Finn,6000.0
Aug,Mountain Hound,3000.0
Aug,G1 Nutrition,3000.0
Aug,BlackGirl Vitamins,3000.0
Aug,Arro Athletics,5000.0
Aug,BeltBro,3000.0
Aug,The Uzzle,4000.0
Aug,A Spice Affair,6000.0
Aug,Foley Dog Treat Company,3000.0
Aug,HAVN Life,2000.0
Aug,Nexgen,5265.7
Aug,Re-Lieved,4531.42
Aug,California Baby,8429.28
Aug,Frankie Rose Cosmetics,5233.04
Aug,New Option Sports,7000.0
Aug,Animal Ortho Care,4000.0
Aug,SnapPad,8000.0
Aug,Paddletek,33442.240000000005
Aug,Pepper Bras,15270.84
Aug,SugarLash Pro,2000.0
Aug,BioSwiss,2000.0
Aug,Braxley Bands,3000.0
Aug,Kings Loot,12000.0
Aug,Piper Finn,6000.0
Aug,Mountain Hound,3000.0
Aug,G1 Nutrition,3000.0
Aug,Black Girl Vitamins,5000.0
Aug,A Spice Affair,6000.0
Aug,Foley Dog Treat Company,3000.0
Aug,HAVN Life,2000.0
Aug,Nexgen,4485.36
Aug,Re-Lieved,4408.18
Aug,California Baby,9845.62
Aug,Frankie Rose Cosmetics,5388.5
Aug,New Option Sports,7000.0
Aug,Animal Ortho Care,4000.0
Aug,SnapPad,13945.2
Aug,Paddletek,21799.760000000002
Aug,Pepper Bras,17266.2
Aug,SugarLash Pro,4000.0
Aug,BioSwiss,2000.0
Aug,Braxley Bands,3000.0
Aug,Kings Loot,12000.0
Aug,Piper Finn,6000.0
Aug,Mountain Hound,3000.0
Aug,G1 Nutrition,3000.0
Aug,A Spice Affair,6000.0
Aug,Foley Dog Treat Company,3000.0
Aug,HAVN Life,2000.0
Aug,Nexgen,6400.18
Aug,Re-Lieved,4583.9
Aug,California Baby,8304.7
Aug,Frankie Rose Cosmetics,5285.1
Aug,New Option Sports,7000.0
Aug,Animal Ortho Care,4000.0
Aug,SnapPad,15719.16
Aug,Paddletek,18847.78
Aug,Pepper Bras,13560.14
Aug,SugarLash Pro,4000.0
Aug,BioSwiss,2000.0
Aug,Tactica Gear,4000.0
Aug,NextComm,4000.0
Aug,Braxley Bands,3000.0
Aug,Christian Planner,5000.0
Aug,Kings Loot,12000.0
Aug,Piper Finn,3000.0
Aug,Mountain Hound,1500.0
Aug,G1 Nutrition,1500.0
Aug,A Spice Affair,6000.0
Aug,Foley Dog Treat Company,3000.0
Aug,HAVN Life,2000.0
Aug,Sperri,2000.0
Aug,Nexgen,6361.38
Aug,Re-Lieved,4906.82
Aug,California Baby,8876.84
Aug,Frankie Rose Cosmetics,5523.28
Aug,New Option Sports,7000.0
Aug,Animal Ortho Care,4000.0
Aug,SnapPad,13794.08
Aug,Paddletek,17530.260000000002
Aug,Pepper Bras,16765.440000000002
Aug,SugarLash Pro,4000.0
Aug,BioSwiss,2000.0
Aug,Tactica Gear,4000.0
Aug,NextComm,4000.0
Aug,Braxley Bands,3000.0
Aug,Christian Planner,5000.0
Aug,A Spice Affair,6000.0
Aug,Foley Dog Treat Company,3000.0
Aug,HAVN Life,2000.0
Aug,Sperri,5594.42
Aug,Nexgen,9467.21
Aug,Re-Lieved,4508.82
Aug,California Baby,10430.24
Aug,Frankie Rose Cosmetics,5462.0
Aug,New Option Sports,7000.0
Aug,Animal Ortho Care,4000.0
Aug,SnapPad,17334.7
Aug,Paddletek,19873.68
Aug,Pepper Bras,13226.279999999999
Aug,SugarLash Pro,4000.0
Aug,BioSwiss,2000.0
Aug,Tactica Gear,4000.0
Aug,NextComm,4000.0
Aug,Braxley Bands,3000.0
Aug,A Spice Affair,6000.0
Aug,Foley Dog Treat Company,3000.0
Aug,HAVN Life,2000.0
Aug,Sperri,5630.42
Aug,Nexgen,11986.76
Aug,Re-Lieved,5301.74
Aug,California Baby,10129.5
Aug,Frankie Rose Cosmetics,5420.28
Aug,New Option Sports,9000.0
Aug,Animal Ortho Care,4000.0
Aug,SnapPad,19338.36
Aug,Paddletek,16116.060000000001
Aug,Pepper Bras,19408.64
Aug,SugarLash Pro,4000.0
Aug,Droplette,3000.0
Aug,BioSwiss,2000.0
Aug,A Spice Affair,6000.0
Aug,Foley Dog Treat Company,3000.0
Aug,HAVN Life,2000.0
Aug,Joseph Nutless Clusters,3000.0
Aug,Sperri,6113.5599999999995
Aug,Nexgen,14127.72
Aug,Re-Lieved,6169.48
Aug,California Baby,12324.3
Aug,Frankie Rose Cosmetics,6125.86
Aug,New Option Sports,7000.0
Aug,Animal Ortho Care,4000.0
Aug,SnapPad,14577.0
Aug,Paddletek,8000.0
Aug,Pepper Bras,10025.74
Aug,SugarLash Pro,4000.0
Aug,Droplette,6000.0
Aug,A Spice Affair,6000.0
Aug,Foley Dog Treat Company,3000.0
Aug,Joseph Nutless Clusters,3000.0
Aug,Sperri,6014.84
Aug,Nexgen,14941.68
Aug,Re-Lieved,6084.34
Aug,California Baby,14175.48
Aug,Frankie Rose Cosmetics,5939.34
Aug,New Option Sports,9000.0
Aug,SnapPad,11346.52
Aug,Paddletek,8000.0
Aug,Pepper Bras,8000.0
Aug,SugarLash Pro,4000.0
Aug,Droplette,6000.0
Aug,A Spice Affair,6000.0
Aug,Foley Dog Treat Company,3000.0
Aug,HAVN Life,2000.0
Aug,Joseph Nutless Clusters,3000.0
Aug,Sperri,5893.96
Aug,Nexgen,14265.12
Aug,Re-Lieved,5039.46
Aug,California Baby,8504.58
Aug,Frankie Rose Cosmetics,5746.36
Aug,New Option Sports,7000.0
Aug,Animal Ortho Care,4000.0
Aug,SnapPad,10270.48
Aug,Paddletek,8000.0
Aug,Pepper Bras,4000.0
Aug,A Spice Affair,6000.0
Aug,Foley Dog Treat Company,3000.0
Aug,HAVN Life,2000.0
Aug,Joseph Nutless Clusters,3000.0
Aug,Sperri,5356.4
Aug,Nexgen,8799.84
Aug,Re-Lieved,5972.9
Aug,California Baby,11094.84
Aug,BeautyMagnet,3000.0
Aug,Frankie Rose Cosmetics,6607.1
Aug,New Option Sports,7000.0
Aug,Animal Ortho Care,4000.0
Aug,SnapPad,8000.0
Aug,A Spice Affair,6000.0
Aug,Foley Dog Treat Company,3000.0
Aug,HAVN Life,1000.0
Aug,Joseph Nutless Clusters,3000.0
Aug,Sperri,5000.74
Aug,BeltBro,5000.0
Aug,Nexgen,6521.0
Aug,Re-Lieved,4168.08
Aug,California Baby,10539.8
Aug,Frankie Rose Cosmetics,5024.26
Aug,Animal Ortho Care,4000.0
Aug,BeautyMagnet,3000.0
Aug,A Spice Affair,6000.0
Aug,Foley Dog Treat Company,3000.0
Aug,HAVN Life,1000.0
Aug,Joseph Nutless Clusters,3000.0
Aug,Sperri,4340.12
Aug,Nexgen,4374.24
Aug,Re-Lieved,5327.9
Aug,California Baby,6751.98
Aug,Alchemy Pet,2500.0
Aug,Frankie Rose Cosmetics,5342.48
Aug,BeltBro,5000.0
Aug,Animal Ortho Care,4000.0
Sep,A Spice Affair,6000.0
Sep,Nexgen,12330.220000000001
Sep,Re-Lieved,6982.86
Sep,Frankie Rose Cosmetics,6018.96
Sep,New Option Sports,7000.0
Sep,Animal Ortho Care,4000.0
Sep,SnapPad,29632.388000000003
Sep,Paddletek,13269.14
Sep,Pepper Bras,30907.92
Sep,BioSwiss,2000.0
Sep,Braxley Bands,3000.0
Sep,Piper Finn,6000.0
Sep,Mountain Hound,3000.0
Sep,G1 Nutrition,3000.0
Sep,Arro Athletics,5000.0
Sep,BeltBro,6000.0
Sep,The Uzzle,8000.0
Sep,Lo & Sons,4000.0
Sep,Bamboo Little,8217.22
Sep,Ohm Store,5000.0
Sep,Southwest Archery,6000.0
Sep,A Spice Affair,6000.0
Sep,Foley Dog Treat Company,3000.0
Sep,HAVN Life,2000.0
Sep,Nexgen,10129.720000000001
Sep,Re-Lieved,5289.4
Sep,Frankie Rose Cosmetics,6039.1
Sep,New Option Sports,7000.0
Sep,Animal Ortho Care,4000.0
Sep,SnapPad,25687.68
Sep,Paddletek,13982.7
Sep,Pepper Bras,21039.82
Sep,SugarLash Pro,4000.0
Sep,BioSwiss,2000.0
Sep,Tactica Gear,4000.0
Sep,Braxley Bands,3000.0
Sep,Kings Loot,12631.4
Sep,Piper Finn,6000.0
Sep,Mountain Hound,3000.0
Sep,G1 Nutrition,3000.0
Sep,BlackGirl Vitamins,3000.0
Sep,Arro Athletics,5000.0
Sep,BeltBro,6000.0
Sep,The Uzzle,8000.0
Sep,Lo & Sons,8000.0
Sep,Bamboo Little,8000.0
Sep,Ohm Store,5000.0
Sep,A Spice Affair,6000.0
Sep,Foley Dog Treat Company,3000.0
Sep,HAVN Life,2000.0
Sep,Nexgen,6995.360000000001
Sep,Re-Lieved,5962.88
Sep,Frankie Rose Cosmetics,5745.36
Sep,New Option Sports,7000.0
Sep,Animal Ortho Care,4000.0
Sep,SnapPad,14467.560000000001
Sep,Paddletek,14339.060000000001
Sep,Pepper Bras,15861.5
Sep,SugarLash Pro,4000.0
Sep,BioSwiss,2000.0
Sep,Tactica Gear,4000.0
Sep,Braxley Bands,3000.0
Sep,Kings Loot,15346.96
Sep,Piper Finn,6000.0
Sep,Mountain Hound,3000.0
Sep,G1 Nutrition,3000.0
Sep,BlackGirl Vitamins,3000.0
Sep,Arro Athletics,5000.0
Sep,BeltBro,6000.0
Sep,The Uzzle,8000.0
Sep,Lo & Sons,8000.0
Sep,Bamboo Little,8000.0
Sep,New Miuz,3232.5
Sep,New Miuz,2730.4
Sep,Ohm Store,5000.0
Sep,Foley Dog Treat Company,3000.0
Sep,HAVN Life,2000.0
Sep,Nexgen,4000.0
Sep,Re-Lieved,4008.66
Sep,Frankie Rose Cosmetics,5649.0
Sep,New Option Sports,7000.0
Sep,Animal Ortho Care,4000.0
Sep,SnapPad,8000.0
Sep,Paddletek,18316.66
Sep,Pepper Bras,14714.68
Sep,SugarLash Pro,4000.0
Sep,BioSwiss,2000.0
Sep,Tactica Gear,4000.0
Sep,Braxley Bands,3000.0
Sep,Kings Loot,12000.0
Sep,Piper Finn,6000.0
Sep,Mountain Hound,3000.0
Sep,G1 Nutrition,3000.0
Sep,BlackGirl Vitamins,3000.0
Sep,Arro Athletics,5000.0
Sep,BeltBro,3000.0
Sep,The Uzzle,4000.0
Sep,A Spice Affair,6000.0
Sep,Foley Dog Treat Company,3000.0
Sep,HAVN Life,2000.0
Sep,Nexgen,5265.7
Sep,Re-Lieved,4531.42
Sep,California Baby,8429.28
Sep,Frankie Rose Cosmetics,5233.04
Sep,New Option Sports,7000.0
Sep,Animal Ortho Care,4000.0
Sep,SnapPad,8000.0
Sep,Paddletek,33442.240000000005
Sep,Pepper Bras,15270.84
Sep,SugarLash Pro,2000.0
Sep,BioSwiss,2000.0
Sep,Braxley Bands,3000.0
Sep,Kings Loot,12000.0
Sep,Piper Finn,6000.0
Sep,Mountain Hound,3000.0
Sep,G1 Nutrition,3000.0
Sep,Black Girl Vitamins,5000.0
Sep,A Spice Affair,6000.0
Sep,Foley Dog Treat Company,3000.0
Sep,HAVN Life,2000.0
Sep,Nexgen,4485.36
Sep,Re-Lieved,4408.18
Sep,California Baby,9845.62
Sep,Frankie Rose Cosmetics,5388.5
Sep,New Option Sports,7000.0
Sep,Animal Ortho Care,4000.0
Sep,SnapPad,13945.2
Sep,Paddletek,21799.760000000002
Sep,Pepper Bras,17266.2
Sep,SugarLash Pro,4000.0
Sep,BioSwiss,2000.0
Sep,Braxley Bands,3000.0
Sep,Kings Loot,12000.0
Sep,Piper Finn,6000.0
Sep,Mountain Hound,3000.0
Sep,G1 Nutrition,3000.0
Sep,A Spice Affair,6000.0
Sep,Foley Dog Treat Company,3000.0
Sep,HAVN Life,2000.0
Sep,Nexgen,6400.18
Sep,Re-Lieved,4583.9
Sep,California Baby,8304.7
Sep,Frankie Rose Cosmetics,5285.1
Sep,New Option Sports,7000.0
Sep,Animal Ortho Care,4000.0
Sep,SnapPad,15719.16
Sep,Paddletek,18847.78
Sep,Pepper Bras,13560.14
Sep,SugarLash Pro,4000.0
Sep,BioSwiss,2000.0
Sep,Tactica Gear,4000.0
Sep,NextComm,4000.0
Sep,Braxley Bands,3000.0
Sep,Christian Planner,5000.0
Sep,Kings Loot,12000.0
Sep,Piper Finn,3000.0
Sep,Mountain Hound,1500.0
Sep,G1 Nutrition,1500.0
Sep,A Spice Affair,6000.0
Sep,Foley Dog Treat Company,3000.0
Sep,HAVN Life,2000.0
Sep,Sperri,2000.0
Sep,Nexgen,6361.38
Sep,Re-Lieved,4906.82
Sep,California Baby,8876.84
Sep,Frankie Rose Cosmetics,5523.28
Sep,New Option Sports,7000.0
Sep,Animal Ortho Care,4000.0
Sep,SnapPad,13794.08
Sep,Paddletek,17530.260000000002
Sep,Pepper Bras,16765.440000000002
Sep,SugarLash Pro,4000.0
Sep,BioSwiss,2000.0
Sep,Tactica Gear,4000.0
Sep,NextComm,4000.0
Sep,Braxley Bands,3000.0
Sep,Christian Planner,5000.0
Sep,A Spice Affair,6000.0
Sep,Foley Dog Treat Company,3000.0
Sep,HAVN Life,2000.0
Sep,Sperri,5594.42
Sep,Nexgen,9467.21
Sep,Re-Lieved,4508.82
Sep,California Baby,10430.24
Sep,Frankie Rose Cosmetics,5462.0
Sep,New Option Sports,7000.0
Sep,Animal Ortho Care,4000.0
Sep,SnapPad,17334.7
Sep,Paddletek,19873.68
Sep,Pepper Bras,13226.279999999999
Sep,SugarLash Pro,4000.0
Sep,BioSwiss,2000.0
Sep,Tactica Gear,4000.0
Sep,NextComm,4000.0
Sep,Braxley Bands,3000.0
Sep,A Spice Affair,6000.0
Sep,Foley Dog Treat Company,3000.0
Sep,HAVN Life,2000.0
Sep,Sperri,5630.42
Sep,Nexgen,11986.76
Sep,Re-Lieved,5301.74
Sep,California Baby,10129.5
Sep,Frankie Rose Cosmetics,5420.28
Sep,New Option Sports,9000.0
Sep,Animal Ortho Care,4000.0
Sep,SnapPad,19338.36
Sep,Paddletek,16116.060000000001
Sep,Pepper Bras,19408.64
Sep,SugarLash Pro,4000.0
Sep,Droplette,3000.0
Sep,BioSwiss,2000.0
Sep,A Spice Affair,6000.0
Sep,Foley Dog Treat Company,3000.0
Sep,HAVN Life,2000.0
Sep,Joseph Nutless Clusters,3000.0
Sep,Sperri,6113.5599999999995
Sep,Nexgen,14127.72
Sep,Re-Lieved,6169.48
Sep,California Baby,12324.3
Sep,Frankie Rose Cosmetics,6125.86
Sep,New Option Sports,7000.0
Sep,Animal Ortho Care,4000.0
Sep,SnapPad,14577.0
Sep,Paddletek,8000.0
Sep,Pepper Bras,10025.74
Sep,SugarLash Pro,4000.0
Sep,Droplette,6000.0
Sep,A Spice Affair,6000.0
Sep,Foley Dog Treat Company,3000.0
Sep,Joseph Nutless Clusters,3000.0
Sep,Sperri,6014.84
Sep,Nexgen,14941.68
Sep,Re-Lieved,6084.34
Sep,California Baby,14175.48
Sep,Frankie Rose Cosmetics,5939.34
Sep,New Option Sports,9000.0
Sep,SnapPad,11346.52
Sep,Paddletek,8000.0
Sep,Pepper Bras,8000.0
Sep,SugarLash Pro,4000.0
Sep,Droplette,6000.0
Sep,A Spice Affair,6000.0
Sep,Foley Dog Treat Company,3000.0
Sep,HAVN Life,2000.0
Sep,Joseph Nutless Clusters,3000.0
Sep,Sperri,5893.96
Sep,Nexgen,14265.12
Sep,Re-Lieved,5039.46
Sep,California Baby,8504.58
Sep,Frankie Rose Cosmetics,5746.36
Sep,New Option Sports,7000.0
Sep,Animal Ortho Care,4000.0
Sep,SnapPad,10270.48
Sep,Paddletek,8000.0
Sep,Pepper Bras,4000.0
Sep,A Spice Affair,6000.0
Sep,Foley Dog Treat Company,3000.0
Sep,HAVN Life,2000.0
Sep,Joseph Nutless Clusters,3000.0
Sep,Sperri,5356.4
Sep,Nexgen,8799.84
Sep,Re-Lieved,5972.9
Sep,California Baby,11094.84
Sep,BeautyMagnet,3000.0
Sep,Frankie Rose Cosmetics,6607.1
Sep,New Option Sports,7000.0
Sep,Animal Ortho Care,4000.0
Sep,SnapPad,8000.0
Sep,A Spice Affair,6000.0
Sep,Foley Dog Treat Company,3000.0
Sep,HAVN Life,1000.0
Sep,Joseph Nutless Clusters,3000.0
Sep,Sperri,5000.74
Sep,BeltBro,5000.0
Sep,Nexgen,6521.0
Sep,Re-Lieved,4168.08
Sep,California Baby,10539.8
Sep,Frankie Rose Cosmetics,5024.26
Sep,Animal Ortho Care,4000.0
Sep,BeautyMagnet,3000.0
Sep,A Spice Affair,6000.0
Sep,Foley Dog Treat Company,3000.0
Sep,HAVN Life,1000.0
Sep,Joseph Nutless Clusters,3000.0
Sep,Sperri,4340.12
Sep,Nexgen,4374.24
Sep,Re-Lieved,5327.9
Sep,California Baby,6751.98
Sep,Alchemy Pet,2500.0
Sep,Frankie Rose Cosmetics,5342.48
Sep,BeltBro,5000.0
Sep,Animal Ortho Care,4000.0
Oct,A Spice Affair,6000.0
Oct,Nexgen,12330.220000000001
Oct,Re-Lieved,6982.86
Oct,Frankie Rose Cosmetics,6018.96
Oct,New Option Sports,7000.0
Oct,Animal Ortho Care,4000.0
Oct,SnapPad,29632.388000000003
Oct,Paddletek,13269.14
Oct,Pepper Bras,30907.92
Oct,BioSwiss,2000.0
Oct,Braxley Bands,3000.0
Oct,Piper Finn,6000.0
Oct,Mountain Hound,3000.0
Oct,G1 Nutrition,3000.0
Oct,Arro Athletics,5000.0
Oct,BeltBro,6000.0
Oct,The Uzzle,8000.0
Oct,Lo & Sons,4000.0
Oct,Bamboo Little,8217.22
Oct,Ohm Store,5000.0
Oct,Southwest Archery,6000.0
Oct,A Spice Affair,6000.0
Oct,Foley Dog Treat Company,3000.0
Oct,HAVN Life,2000.0
Oct,Nexgen,10129.720000000001
Oct,Re-Lieved,5289.4
Oct,Frankie Rose Cosmetics,6039.1
Oct,New Option Sports,7000.0
Oct,Animal Ortho Care,4000.0
Oct,SnapPad,25687.68
Oct,Paddletek,13982.7
Oct,Pepper Bras,21039.82
Oct,SugarLash Pro,4000.0
Oct,BioSwiss,2000.0
Oct,Tactica Gear,4000.0
Oct,Braxley Bands,3000.0
Oct,Kings Loot,12631.4
Oct,Piper Finn,6000.0
Oct,Mountain Hound,3000.0
Oct,G1 Nutrition,3000.0
Oct,BlackGirl Vitamins,3000.0
Oct,Arro Athletics,5000.0
Oct,BeltBro,6000.0
Oct,The Uzzle,8000.0
Oct,Lo & Sons,8000.0
Oct,Bamboo Little,8000.0
Oct,Ohm Store,5000.0
Oct,A Spice Affair,6000.0
Oct,Foley Dog Treat Company,3000.0
Oct,HAVN Life,2000.0
Oct,Nexgen,6995.360000000001
Oct,Re-Lieved,5962.88
Oct,Frankie Rose Cosmetics,5745.36
Oct,New Option Sports,7000.0
Oct,Animal Ortho Care,4000.0
Oct,SnapPad,14467.560000000001
Oct,Paddletek,14339.060000000001
Oct,Pepper Bras,15861.5
Oct,SugarLash Pro,4000.0
Oct,BioSwiss,2000.0
Oct,Tactica Gear,4000.0
Oct,Braxley Bands,3000.0
Oct,Kings Loot,15346.96
Oct,Piper Finn,6000.0
Oct,Mountain Hound,3000.0
Oct,G1 Nutrition,3000.0
Oct,BlackGirl Vitamins,3000.0
Oct,Arro Athletics,5000.0
Oct,BeltBro,6000.0
Oct,The Uzzle,8000.0
Oct,Lo & Sons,8000.0
Oct,Bamboo Little,8000.0
Oct,New Miuz,3232.5
Oct,New Miuz,2730.4
Oct,Ohm Store,5000.0
Oct,Foley Dog Treat Company,3000.0
Oct,HAVN Life,2000.0
Oct,Nexgen,4000.0
Oct,Re-Lieved,4008.66
Oct,Frankie Rose Cosmetics,5649.0
Oct,New Option Sports,7000.0
Oct,Animal Ortho Care,4000.0
Oct,SnapPad,8000.0
Oct,Paddletek,18316.66
Oct,Pepper Bras,14714.68
Oct,SugarLash Pro,4000.0
Oct,BioSwiss,2000.0
Oct,Tactica Gear,4000.0
Oct,Braxley Bands,3000.0
Oct,Kings Loot,12000.0
Oct,Piper Finn,6000.0
Oct,Mountain Hound,3000.0
Oct,G1 Nutrition,3000.0
Oct,BlackGirl Vitamins,3000.0
Oct,Arro Athletics,5000.0
Oct,BeltBro,3000.0
Oct,The Uzzle,4000.0
Oct,A Spice Affair,6000.0
Oct,Foley Dog Treat Company,3000.0
Oct,HAVN Life,2000.0
Oct,Nexgen,5265.7
Oct,Re-Lieved,4531.42
Oct,California Baby,8429.28
Oct,Frankie Rose Cosmetics,5233.04
Oct,New Option Sports,7000.0
Oct,Animal Ortho Care,4000.0
Oct,SnapPad,8000.0
Oct,Paddletek,33442.240000000005
Oct,Pepper Bras,15270.84
Oct,SugarLash Pro,2000.0
Oct,BioSwiss,2000.0
Oct,Braxley Bands,3000.0
Oct,Kings Loot,12000.0
Oct,Piper Finn,6000.0
Oct,Mountain Hound,3000.0
Oct,G1 Nutrition,3000.0
Oct,Black Girl Vitamins,5000.0
Oct,A Spice Affair,6000.0
Oct,Foley Dog Treat Company,3000.0
Oct,HAVN Life,2000.0
Oct,Nexgen,4485.36
Oct,Re-Lieved,4408.18
Oct,California Baby,9845.62
Oct,Frankie Rose Cosmetics,5388.5
Oct,New Option Sports,7000.0
Oct,Animal Ortho Care,4000.0
Oct,SnapPad,13945.2
Oct,Paddletek,21799.760000000002
Oct,Pepper Bras,17266.2
Oct,SugarLash Pro,4000.0
Oct,BioSwiss,2000.0
Oct,Braxley Bands,3000.0
Oct,Kings Loot,12000.0
Oct,Piper Finn,6000.0
Oct,Mountain Hound,3000.0
Oct,G1 Nutrition,3000.0
Oct,A Spice Affair,6000.0
Oct,Foley Dog Treat Company,3000.0
Oct,HAVN Life,2000.0
Oct,Nexgen,6400.18
Oct,Re-Lieved,4583.9
Oct,California Baby,8304.7
Oct,Frankie Rose Cosmetics,5285.1
Oct,New Option Sports,7000.0
Oct,Animal Ortho Care,4000.0
Oct,SnapPad,15719.16
Oct,Paddletek,18847.78
Oct,Pepper Bras,13560.14
Oct,SugarLash Pro,4000.0
Oct,BioSwiss,2000.0
Oct,Tactica Gear,4000.0
Oct,NextComm,4000.0
Oct,Braxley Bands,3000.0
Oct,Christian Planner,5000.0
Oct,Kings Loot,12000.0
Oct,Piper Finn,3000.0
Oct,Mountain Hound,1500.0
Oct,G1 Nutrition,1500.0
Oct,A Spice Affair,6000.0
Oct,Foley Dog Treat Company,3000.0
Oct,HAVN Life,2000.0
Oct,Sperri,2000.0
Oct,Nexgen,6361.38
Oct,Re-Lieved,4906.82
Oct,California Baby,8876.84
Oct,Frankie Rose Cosmetics,5523.28
Oct,New Option Sports,7000.0
Oct,Animal Ortho Care,4000.0
Oct,SnapPad,13794.08
Oct,Paddletek,17530.260000000002
Oct,Pepper Bras,16765.440000000002
Oct,SugarLash Pro,4000.0
Oct,BioSwiss,2000.0
Oct,Tactica Gear,4000.0
Oct,NextComm,4000.0
Oct,Braxley Bands,3000.0
Oct,Christian Planner,5000.0
Oct,A Spice Affair,6000.0
Oct,Foley Dog Treat Company,3000.0
Oct,HAVN Life,2000.0
Oct,Sperri,5594.42
Oct,Nexgen,9467.21
Oct,Re-Lieved,4508.82
Oct,California Baby,10430.24
Oct,Frankie Rose Cosmetics,5462.0
Oct,New Option Sports,7000.0
Oct,Animal Ortho Care,4000.0
Oct,SnapPad,17334.7
Oct,Paddletek,19873.68
Oct,Pepper Bras,13226.279999999999
Oct,SugarLash Pro,4000.0
Oct,BioSwiss,2000.0
Oct,Tactica Gear,4000.0
Oct,NextComm,4000.0
Oct,Braxley Bands,3000.0
Oct,A Spice Affair,6000.0
Oct,Foley Dog Treat Company,3000.0
Oct,HAVN Life,2000.0
Oct,Sperri,5630.42
Oct,Nexgen,11986.76
Oct,Re-Lieved,5301.74
Oct,California Baby,10129.5
Oct,Frankie Rose Cosmetics,5420.28
Oct,New Option Sports,9000.0
Oct,Animal Ortho Care,4000.0
Oct,SnapPad,19338.36
Oct,Paddletek,16116.060000000001
Oct,Pepper Bras,19408.64
Oct,SugarLash Pro,4000.0
Oct,Droplette,3000.0
Oct,BioSwiss,2000.0
Oct,A Spice Affair,6000.0
Oct,Foley Dog Treat Company,3000.0
Oct,HAVN Life,2000.0
Oct,Joseph Nutless Clusters,3000.0
Oct,Sperri,6113.5599999999995
Oct,Nexgen,14127.72
Oct,Re-Lieved,6169.48
Oct,California Baby,12324.3
Oct,Frankie Rose Cosmetics,6125.86
Oct,New Option Sports,7000.0
Oct,Animal Ortho Care,4000.0
Oct,SnapPad,14577.0
Oct,Paddletek,8000.0
Oct,Pepper Bras,10025.74
Oct,SugarLash Pro,4000.0
Oct,Droplette,6000.0
Oct,A Spice Affair,6000.0
Oct,Foley Dog Treat Company,3000.0
Oct,Joseph Nutless Clusters,3000.0
Oct,Sperri,6014.84
Oct,Nexgen,14941.68
Oct,Re-Lieved,6084.34
Oct,California Baby,14175.48
Oct,Frankie Rose Cosmetics,5939.34
Oct,New Option Sports,9000.0
Oct,SnapPad,11346.52
Oct,Paddletek,8000.0
Oct,Pepper Bras,8000.0
Oct,SugarLash Pro,4000.0
Oct,Droplette,6000.0
Oct,A Spice Affair,6000.0
Oct,Foley Dog Treat Company,3000.0
Oct,HAVN Life,2000.0
Oct,Joseph Nutless Clusters,3000.0
Oct,Sperri,5893.96
Oct,Nexgen,14265.12
Oct,Re-Lieved,5039.46
Oct,California Baby,8504.58
Oct,Frankie Rose Cosmetics,5746.36
Oct,New Option Sports,7000.0
Oct,Animal Ortho Care,4000.0
Oct,SnapPad,10270.48
Oct,Paddletek,8000.0
Oct,Pepper Bras,4000.0
Oct,A Spice Affair,6000.0
Oct,Foley Dog Treat Company,3000.0
Oct,HAVN Life,2000.0
Oct,Joseph Nutless Clusters,3000.0
Oct,Sperri,5356.4
Oct,Nexgen,8799.84
Oct,Re-Lieved,5972.9
Oct,California Baby,11094.84
Oct,BeautyMagnet,3000.0
Oct,Frankie Rose Cosmetics,6607.1
Oct,New Option Sports,7000.0
Oct,Animal Ortho Care,4000.0
Oct,SnapPad,8000.0
Oct,A Spice Affair,6000.0
Oct,Foley Dog Treat Company,3000.0
Oct,HAVN Life,1000.0
Oct,Joseph Nutless Clusters,3000.0
Oct,Sperri,5000.74
Oct,BeltBro,5000.0
Oct,Nexgen,6521.0
Oct,Re-Lieved,4168.08
Oct,California Baby,10539.8
Oct,Frankie Rose Cosmetics,5024.26
Oct,Animal Ortho Care,4000.0
Oct,BeautyMagnet,3000.0
Oct,A Spice Affair,6000.0
Oct,Foley Dog Treat Company,3000.0
Oct,HAVN Life,1000.0
Oct,Joseph Nutless Clusters,3000.0
Oct,Sperri,4340.12
Oct,Nexgen,4374.24
Oct,Re-Lieved,5327.9
Oct,California Baby,6751.98
Oct,Alchemy Pet,2500.0
Oct,Frankie Rose Cosmetics,5342.48
Oct,BeltBro,5000.0
Oct,Animal Ortho Care,4000.0
Nov,A Spice Affair,6000.0
Nov,Nexgen,12330.220000000001
Nov,Re-Lieved,6982.86
Nov,Frankie Rose Cosmetics,6018.96
Nov,New Option Sports,7000.0
Nov,Animal Ortho Care,4000.0
Nov,SnapPad,29632.388000000003
Nov,Paddletek,13269.14
Nov,Pepper Bras,30907.92
Nov,BioSwiss,2000.0
Nov,Braxley Bands,3000.0
Nov,Piper Finn,6000.0
Nov,Mountain Hound,3000.0
Nov,G1 Nutrition,3000.0
Nov,Arro Athletics,5000.0
Nov,BeltBro,6000.0
Nov,The Uzzle,8000.0
Nov,Lo & Sons,4000.0
Nov,Bamboo Little,8217.22
Nov,Ohm Store,5000.0
Nov,Southwest Archery,6000.0
Nov,A Spice Affair,6000.0
Nov,Foley Dog Treat Company,3000.0
Nov,HAVN Life,2000.0
Nov,Nexgen,10129.720000000001
Nov,Re-Lieved,5289.4
Nov,Frankie Rose Cosmetics,6039.1
Nov,New Option Sports,7000.0
Nov,Animal Ortho Care,4000.0
Nov,SnapPad,25687.68
Nov,Paddletek,13982.7
Nov,Pepper Bras,21039.82
Nov,SugarLash Pro,4000.0
Nov,BioSwiss,2000.0
Nov,Tactica Gear,4000.0
Nov,Braxley Bands,3000.0
Nov,Kings Loot,12631.4
Nov,Piper Finn,6000.0
Nov,Mountain Hound,3000.0
Nov,G1 Nutrition,3000.0
Nov,BlackGirl Vitamins,3000.0
Nov,Arro Athletics,5000.0
Nov,BeltBro,6000.0
Nov,The Uzzle,8000.0
Nov,Lo & Sons,8000.0
Nov,Bamboo Little,8000.0
Nov,Ohm Store,5000.0
Nov,A Spice Affair,6000.0
Nov,Foley Dog Treat Company,3000.0
Nov,HAVN Life,2000.0
Nov,Nexgen,6995.360000000001
Nov,Re-Lieved,5962.88
Nov,Frankie Rose Cosmetics,5745.36
Nov,New Option Sports,7000.0
Nov,Animal Ortho Care,4000.0
Nov,SnapPad,14467.560000000001
Nov,Paddletek,14339.060000000001
Nov,Pepper Bras,15861.5
Nov,SugarLash Pro,4000.0
Nov,BioSwiss,2000.0
Nov,Tactica Gear,4000.0
Nov,Braxley Bands,3000.0
Nov,Kings Loot,15346.96
Nov,Piper Finn,6000.0
Nov,Mountain Hound,3000.0
Nov,G1 Nutrition,3000.0
Nov,BlackGirl Vitamins,3000.0
Nov,Arro Athletics,5000.0
Nov,BeltBro,6000.0
Nov,The Uzzle,8000.0
Nov,Lo & Sons,8000.0
Nov,Bamboo Little,8000.0
Nov,New Miuz,3232.5
Nov,New Miuz,2730.4
Nov,Ohm Store,5000.0
Nov,Foley Dog Treat Company,3000.0
Nov,HAVN Life,2000.0
Nov,Nexgen,4000.0
Nov,Re-Lieved,4008.66
Nov,Frankie Rose Cosmetics,5649.0
Nov,New Option Sports,7000.0
Nov,Animal Ortho Care,4000.0
Nov,SnapPad,8000.0
Nov,Paddletek,18316.66
Nov,Pepper Bras,14714.68
Nov,SugarLash Pro,4000.0
Nov,BioSwiss,2000.0
Nov,Tactica Gear,4000.0
Nov,Braxley Bands,3000.0
Nov,Kings Loot,12000.0
Nov,Piper Finn,6000.0
Nov,Mountain Hound,3000.0
Nov,G1 Nutrition,3000.0
Nov,BlackGirl Vitamins,3000.0
Nov,Arro Athletics,5000.0
Nov,BeltBro,3000.0
Nov,The Uzzle,4000.0
Nov,A Spice Affair,6000.0
Nov,Foley Dog Treat Company,3000.0
Nov,HAVN Life,2000.0
Nov,Nexgen,5265.7
Nov,Re-Lieved,4531.42
Nov,California Baby,8429.28
Nov,Frankie Rose Cosmetics,5233.04
Nov,New Option Sports,7000.0
Nov,Animal Ortho Care,4000.0
Nov,SnapPad,8000.0
Nov,Paddletek,33442.240000000005
Nov,Pepper Bras,15270.84
Nov,SugarLash Pro,2000.0
Nov,BioSwiss,2000.0
Nov,Braxley Bands,3000.0
Nov,Kings Loot,12000.0
Nov,Piper Finn,6000.0
Nov,Mountain Hound,3000.0
Nov,G1 Nutrition,3000.0
Nov,Black Girl Vitamins,5000.0
Nov,A Spice Affair,6000.0
Nov,Foley Dog Treat Company,3000.0
Nov,HAVN Life,2000.0
Nov,Nexgen,4485.36
Nov,Re-Lieved,4408.18
Nov,California Baby,9845.62
Nov,Frankie Rose Cosmetics,5388.5
Nov,New Option Sports,7000.0
Nov,Animal Ortho Care,4000.0
Nov,SnapPad,13945.2
Nov,Paddletek,21799.760000000002
Nov,Pepper Bras,17266.2
Nov,SugarLash Pro,4000.0
Nov,BioSwiss,2000.0
Nov,Braxley Bands,3000.0
Nov,Kings Loot,12000.0
Nov,Piper Finn,6000.0
Nov,Mountain Hound,3000.0
Nov,G1 Nutrition,3000.0
Nov,A Spice Affair,6000.0
Nov,Foley Dog Treat Company,3000.0
Nov,HAVN Life,2000.0
Nov,Nexgen,6400.18
Nov,Re-Lieved,4583.9
Nov,California Baby,8304.7
Nov,Frankie Rose Cosmetics,5285.1
Nov,New Option Sports,7000.0
Nov,Animal Ortho Care,4000.0
Nov,SnapPad,15719.16
Nov,Paddletek,18847.78
Nov,Pepper Bras,13560.14
Nov,SugarLash Pro,4000.0
Nov,BioSwiss,2000.0
Nov,Tactica Gear,4000.0
Nov,NextComm,4000.0
Nov,Braxley Bands,3000.0
Nov,Christian Planner,5000.0
Nov,Kings Loot,12000.0
Nov,Piper Finn,3000.0
Nov,Mountain Hound,1500.0
Nov,G1 Nutrition,1500.0
Nov,A Spice Affair,6000.0
Nov,Foley Dog Treat Company,3000.0
Nov,HAVN Life,2000.0
Nov,Sperri,2000.0
Nov,Nexgen,6361.38
Nov,Re-Lieved,4906.82
Nov,California Baby,8876.84
Nov,Frankie Rose Cosmetics,5523.28
Nov,New Option Sports,7000.0
Nov,Animal Ortho Care,4000.0
Nov,SnapPad,13794.08
Nov,Paddletek,17530.260000000002
Nov,Pepper Bras,16765.440000000002
Nov,SugarLash Pro,4000.0
Nov,BioSwiss,2000.0
Nov,Tactica Gear,4000.0
Nov,NextComm,4000.0
Nov,Braxley Bands,3000.0
Nov,Christian Planner,5000.0
Nov,A Spice Affair,6000.0
Nov,Foley Dog Treat Company,3000.0
Nov,HAVN Life,2000.0
Nov,Sperri,5594.42
Nov,Nexgen,9467.21
Nov,Re-Lieved,4508.82
Nov,California Baby,10430.24
Nov,Frankie Rose Cosmetics,5462.0
Nov,New Option Sports,7000.0
Nov,Animal Ortho Care,4000.0
Nov,SnapPad,17334.7
Nov,Paddletek,19873.68
Nov,Pepper Bras,13226.279999999999
Nov,SugarLash Pro,4000.0
Nov,BioSwiss,2000.0
Nov,Tactica Gear,4000.0
Nov,NextComm,4000.0
Nov,Braxley Bands,3000.0
Nov,A Spice Affair,6000.0
Nov,Foley Dog Treat Company,3000.0
Nov,HAVN Life,2000.0
Nov,Sperri,5630.42
Nov,Nexgen,11986.76
Nov,Re-Lieved,5301.74
Nov,California Baby,10129.5
Nov,Frankie Rose Cosmetics,5420.28
Nov,New Option Sports,9000.0
Nov,Animal Ortho Care,4000.0
Nov,SnapPad,19338.36
Nov,Paddletek,16116.060000000001
Nov,Pepper Bras,19408.64
Nov,SugarLash Pro,4000.0
Nov,Droplette,3000.0
Nov,BioSwiss,2000.0
Nov,A Spice Affair,6000.0
Nov,Foley Dog Treat Company,3000.0
Nov,HAVN Life,2000.0
Nov,Joseph Nutless Clusters,3000.0
Nov,Sperri,6113.5599999999995
Nov,Nexgen,14127.72
Nov,Re-Lieved,6169.48
Nov,California Baby,12324.3
Nov,Frankie Rose Cosmetics,6125.86
Nov,New Option Sports,7000.0
Nov,Animal Ortho Care,4000.0
Nov,SnapPad,14577.0
Nov,Paddletek,8000.0
Nov,Pepper Bras,10025.74
Nov,SugarLash Pro,4000.0
Nov,Droplette,6000.0
Nov,A Spice Affair,6000.0
Nov,Foley Dog Treat Company,3000.0
Nov,Joseph Nutless Clusters,3000.0
Nov,Sperri,6014.84
Nov,Nexgen,14941.68
Nov,Re-Lieved,6084.34
Nov,California Baby,14175.48
Nov,Frankie Rose Cosmetics,5939.34
Nov,New Option Sports,9000.0
Nov,SnapPad,11346.52
Nov,Paddletek,8000.0
Nov,Pepper Bras,8000.0
Nov,SugarLash Pro,4000.0
Nov,Droplette,6000.0
Nov,A Spice Affair,6000.0
Nov,Foley Dog Treat Company,3000.0
Nov,HAVN Life,2000.0
Nov,Joseph Nutless Clusters,3000.0
Nov,Sperri,5893.96
Nov,Nexgen,14265.12
Nov,Re-Lieved,5039.46
Nov,California Baby,8504.58
Nov,Frankie Rose Cosmetics,5746.36
Nov,New Option Sports,7000.0
Nov,Animal Ortho Care,4000.0
Nov,SnapPad,10270.48
Nov,Paddletek,8000.0
Nov,Pepper Bras,4000.0
Nov,A Spice Affair,6000.0
Nov,Foley Dog Treat Company,3000.0
Nov,HAVN Life,2000.0
Nov,Joseph Nutless Clusters,3000.0
Nov,Sperri,5356.4
Nov,Nexgen,8799.84
Nov,Re-Lieved,5972.9
Nov,California Baby,11094.84
Nov,BeautyMagnet,3000.0
Nov,Frankie Rose Cosmetics,6607.1
Nov,New Option Sports,7000.0
Nov,Animal Ortho Care,4000.0
Nov,SnapPad,8000.0
Nov,A Spice Affair,6000.0
Nov,Foley Dog Treat Company,3000.0
Nov,HAVN Life,1000.0
Nov,Joseph Nutless Clusters,3000.0
Nov,Sperri,5000.74
Nov,BeltBro,5000.0
Nov,Nexgen,6521.0
Nov,Re-Lieved,4168.08
Nov,California Baby,10539.8
Nov,Frankie Rose Cosmetics,5024.26
Nov,Animal Ortho Care,4000.0
Nov,BeautyMagnet,3000.0
Nov,A Spice Affair,6000.0
Nov,Foley Dog Treat Company,3000.0
Nov,HAVN Life,1000.0
Nov,Joseph Nutless Clusters,3000.0
Nov,Sperri,4340.12
Nov,Nexgen,4374.24
Nov,Re-Lieved,5327.9
Nov,California Baby,6751.98
Nov,Alchemy Pet,2500.0
Nov,Frankie Rose Cosmetics,5342.48
Nov,BeltBro,5000.0
Nov,Animal Ortho Care,4000.0
Dec,A Spice Affair,6000.0
Dec,Nexgen,12330.220000000001
Dec,Re-Lieved,6982.86
Dec,Frankie Rose Cosmetics,6018.96
Dec,New Option Sports,7000.0
Dec,Animal Ortho Care,4000.0
Dec,SnapPad,29632.388000000003
Dec,Paddletek,13269.14
Dec,Pepper Bras,30907.92
Dec,BioSwiss,2000.0
Dec,Braxley Bands,3000.0
Dec,Piper Finn,6000.0
Dec,Mountain Hound,3000.0
Dec,G1 Nutrition,3000.0
Dec,Arro Athletics,5000.0
Dec,BeltBro,6000.0
Dec,The Uzzle,8000.0
Dec,Lo & Sons,4000.0
Dec,Bamboo Little,8217.22
Dec,Ohm Store,5000.0
Dec,Southwest Archery,6000.0
Dec,A Spice Affair,6000.0
Dec,Foley Dog Treat Company,3000.0
Dec,HAVN Life,2000.0
Dec,Nexgen,10129.720000000001
Dec,Re-Lieved,5289.4
Dec,Frankie Rose Cosmetics,6039.1
Dec,New Option Sports,7000.0
Dec,Animal Ortho Care,4000.0
Dec,SnapPad,25687.68
Dec,Paddletek,13982.7
Dec,Pepper Bras,21039.82
Dec,SugarLash Pro,4000.0
Dec,BioSwiss,2000.0
Dec,Tactica Gear,4000.0
Dec,Braxley Bands,3000.0
Dec,Kings Loot,12631.4
Dec,Piper Finn,6000.0
Dec,Mountain Hound,3000.0
Dec,G1 Nutrition,3000.0
Dec,BlackGirl Vitamins,3000.0
Dec,Arro Athletics,5000.0
Dec,BeltBro,6000.0
Dec,The Uzzle,8000.0
Dec,Lo & Sons,8000.0
Dec,Bamboo Little,8000.0
Dec,Ohm Store,5000.0
Dec,A Spice Affair,6000.0
Dec,Foley Dog Treat Company,3000.0
Dec,HAVN Life,2000.0
Dec,Nexgen,6995.360000000001
Dec,Re-Lieved,5962.88
Dec,Frankie Rose Cosmetics,5745.36
Dec,New Option Sports,7000.0
Dec,Animal Ortho Care,4000.0
Dec,SnapPad,14467.560000000001
Dec,Paddletek,14339.060000000001
Dec,Pepper Bras,15861.5
Dec,SugarLash Pro,4000.0
Dec,BioSwiss,2000.0
Dec,Tactica Gear,4000.0
Dec,Braxley Bands,3000.0
Dec,Kings Loot,15346.96
Dec,Piper Finn,6000.0
Dec,Mountain Hound,3000.0
Dec,G1 Nutrition,3000.0
Dec,BlackGirl Vitamins,3000.0
Dec,Arro Athletics,5000.0
Dec,BeltBro,6000.0
Dec,The Uzzle,8000.0
Dec,Lo & Sons,8000.0
Dec,Bamboo Little,8000.0
Dec,New Miuz,3232.5
Dec,New Miuz,2730.4
Dec,Ohm Store,5000.0
Dec,Foley Dog Treat Company,3000.0
Dec,HAVN Life,2000.0
Dec,Nexgen,4000.0
Dec,Re-Lieved,4008.66
Dec,Frankie Rose Cosmetics,5649.0
Dec,New Option Sports,7000.0
Dec,Animal Ortho Care,4000.0
Dec,SnapPad,8000.0
Dec,Paddletek,18316.66
Dec,Pepper Bras,14714.68
Dec,SugarLash Pro,4000.0
Dec,BioSwiss,2000.0
Dec,Tactica Gear,4000.0
Dec,Braxley Bands,3000.0
Dec,Kings Loot,12000.0
Dec,Piper Finn,6000.0
Dec,Mountain Hound,3000.0
Dec,G1 Nutrition,3000.0
Dec,BlackGirl Vitamins,3000.0
Dec,Arro Athletics,5000.0
Dec,BeltBro,3000.0
Dec,The Uzzle,4000.0
Dec,A Spice Affair,6000.0
Dec,Foley Dog Treat Company,3000.0
Dec,HAVN Life,2000.0
Dec,Nexgen,5265.7
Dec,Re-Lieved,4531.42
Dec,California Baby,8429.28
Dec,Frankie Rose Cosmetics,5233.04
Dec,New Option Sports,7000.0
Dec,Animal Ortho Care,4000.0
Dec,SnapPad,8000.0
Dec,Paddletek,33442.240000000005
Dec,Pepper Bras,15270.84
Dec,SugarLash Pro,2000.0
Dec,BioSwiss,2000.0
Dec,Braxley Bands,3000.0
Dec,Kings Loot,12000.0
Dec,Piper Finn,6000.0
Dec,Mountain Hound,3000.0
Dec,G1 Nutrition,3000.0
Dec,Black Girl Vitamins,5000.0
Dec,A Spice Affair,6000.0
Dec,Foley Dog Treat Company,3000.0
Dec,HAVN Life,2000.0
Dec,Nexgen,4485.36
Dec,Re-Lieved,4408.18
Dec,California Baby,9845.62
Dec,Frankie Rose Cosmetics,5388.5
Dec,New Option Sports,7000.0
Dec,Animal Ortho Care,4000.0
Dec,SnapPad,13945.2
Dec,Paddletek,21799.760000000002
Dec,Pepper Bras,17266.2
Dec,SugarLash Pro,4000.0
Dec,BioSwiss,2000.0
Dec,Braxley Bands,3000.0
Dec,Kings Loot,12000.0
Dec,Piper Finn,6000.0
Dec,Mountain Hound,3000.0
Dec,G1 Nutrition,3000.0
Dec,A Spice Affair,6000.0
Dec,Foley Dog Treat Company,3000.0
Dec,HAVN Life,2000.0
Dec,Nexgen,6400.18
Dec,Re-Lieved,4583.9
Dec,California Baby,8304.7
Dec,Frankie Rose Cosmetics,5285.1
Dec,New Option Sports,7000.0
Dec,Animal Ortho Care,4000.0
Dec,SnapPad,15719.16
Dec,Paddletek,18847.78
Dec,Pepper Bras,13560.14
Dec,SugarLash Pro,4000.0
Dec,BioSwiss,2000.0
Dec,Tactica Gear,4000.0
Dec,NextComm,4000.0
Dec,Braxley Bands,3000.0
Dec,Christian Planner,5000.0
Dec,Kings Loot,12000.0
Dec,Piper Finn,3000.0
Dec,Mountain Hound,1500.0
Dec,G1 Nutrition,1500.0
Dec,A Spice Affair,6000.0
Dec,Foley Dog Treat Company,3000.0
Dec,HAVN Life,2000.0
Dec,Sperri,2000.0
Dec,Nexgen,6361.38
Dec,Re-Lieved,4906.82
Dec,California Baby,8876.84
Dec,Frankie Rose Cosmetics,5523.28
Dec,New Option Sports,7000.0
Dec,Animal Ortho Care,4000.0
Dec,SnapPad,13794.08
Dec,Paddletek,17530.260000000002
Dec,Pepper Bras,16765.440000000002
Dec,SugarLash Pro,4000.0
Dec,BioSwiss,2000.0
Dec,Tactica Gear,4000.0
Dec,NextComm,4000.0
Dec,Braxley Bands,3000.0
Dec,Christian Planner,5000.0
Dec,A Spice Affair,6000.0
Dec,Foley Dog Treat Company,3000.0
Dec,HAVN Life,2000.0
Dec,Sperri,5594.42
Dec,Nexgen,9467.21
Dec,Re-Lieved,4508.82
Dec,California Baby,10430.24
Dec,Frankie Rose Cosmetics,5462.0
Dec,New Option Sports,7000.0
Dec,Animal Ortho Care,4000.0
Dec,SnapPad,17334.7
Dec,Paddletek,19873.68
Dec,Pepper Bras,13226.279999999999
Dec,SugarLash Pro,4000.0
Dec,BioSwiss,2000.0
Dec,Tactica Gear,4000.0
Dec,NextComm,4000.0
Dec,Braxley Bands,3000.0
Dec,A Spice Affair,6000.0
Dec,Foley Dog Treat Company,3000.0
Dec,HAVN Life,2000.0
Dec,Sperri,5630.42
Dec,Nexgen,11986.76
Dec,Re-Lieved,5301.74
Dec,California Baby,10129.5
Dec,Frankie Rose Cosmetics,5420.28
Dec,New Option Sports,9000.0
Dec,Animal Ortho Care,4000.0
Dec,SnapPad,19338.36
Dec,Paddletek,16116.060000000001
Dec,Pepper Bras,19408.64
Dec,SugarLash Pro,4000.0
Dec,Droplette,3000.0
Dec,BioSwiss,2000.0
Dec,A Spice Affair,6000.0
Dec,Foley Dog Treat Company,3000.0
Dec,HAVN Life,2000.0
Dec,Joseph Nutless Clusters,3000.0
Dec,Sperri,6113.5599999999995
Dec,Nexgen,14127.72
Dec,Re-Lieved,6169.48
Dec,California Baby,12324.3
Dec,Frankie Rose Cosmetics,6125.86
Dec,New Option Sports,7000.0
Dec,Animal Ortho Care,4000.0
Dec,SnapPad,14577.0
Dec,Paddletek,8000.0
Dec,Pepper Bras,10025.74
Dec,SugarLash Pro,4000.0
Dec,Droplette,6000.0
Dec,A Spice Affair,6000.0
Dec,Foley Dog Treat Company,3000.0
Dec,Joseph Nutless Clusters,3000.0
Dec,Sperri,6014.84
Dec,Nexgen,14941.68
Dec,Re-Lieved,6084.34
Dec,California Baby,14175.48
Dec,Frankie Rose Cosmetics,5939.34
Dec,New Option Sports,9000.0
Dec,SnapPad,11346.52
Dec,Paddletek,8000.0
Dec,Pepper Bras,8000.0
Dec,SugarLash Pro,4000.0
Dec,Droplette,6000.0
Dec,A Spice Affair,6000.0
Dec,Foley Dog Treat Company,3000.0
Dec,HAVN Life,2000.0
Dec,Joseph Nutless Clusters,3000.0
Dec,Sperri,5893.96
Dec,Nexgen,14265.12
Dec,Re-Lieved,5039.46
Dec,California Baby,8504.58
Dec,Frankie Rose Cosmetics,5746.36
Dec,New Option Sports,7000.0
Dec,Animal Ortho Care,4000.0
Dec,SnapPad,10270.48
Dec,Paddletek,8000.0
Dec,Pepper Bras,4000.0
Dec,A Spice Affair,6000.0
Dec,Foley Dog Treat Company,3000.0
Dec,HAVN Life,2000.0
Dec,Joseph Nutless Clusters,3000.0
Dec,Sperri,5356.4
Dec,Nexgen,8799.84
Dec,Re-Lieved,5972.9
Dec,California Baby,11094.84
Dec,BeautyMagnet,3000.0
Dec,Frankie Rose Cosmetics,6607.1
Dec,New Option Sports,7000.0
Dec,Animal Ortho Care,4000.0
Dec,SnapPad,8000.0
Dec,A Spice Affair,6000.0
Dec,Foley Dog Treat Company,3000.0
Dec,HAVN Life,1000.0
Dec,Joseph Nutless Clusters,3000.0
Dec,Sperri,5000.74
Dec,BeltBro,5000.0
Dec,Nexgen,6521.0
Dec,Re-Lieved,4168.08
Dec,California Baby,10539.8
Dec,Frankie Rose Cosmetics,5024.26
Dec,Animal Ortho Care,4000.0
Dec,BeautyMagnet,3000.0
Dec,A Spice Affair,6000.0
Dec,Foley Dog Treat Company,3000.0
Dec,HAVN Life,1000.0
Dec,Joseph Nutless Clusters,3000.0
Dec,Sperri,4340.12
Dec,Nexgen,4374.24
Dec,Re-Lieved,5327.9
Dec,California Baby,6751.98
Dec,Alchemy Pet,2500.0
Dec,Frankie Rose Cosmetics,5342.48
Dec,BeltBro,5000.0
Dec,Animal Ortho Care,4000.0
